KODE;NAMA;SEKTOR
01111;PERTANIAN TANAMAN JAGUNG;A
01112;PERTANIAN TANAMAN GANDUM;A
01113;PERTANIAN TANAMAN KEDELAI;A
01114;PERTANIAN TANAMAN KACANG TANAH;A
01115;PERTANIAN TANAMAN KACANG HIJAU;A
01116;PERTANIAN TANAMAN KACANG-KACANGAN HORTIKULTURA;A
01117;PERTANIAN TANAMAN BIJI-BIJIAN PENGHASIL MINYAK MAKAN;A
01118;PERTANIAN TANAMAN BIJI-BIJIAN PENGHASIL BUKAN MINYAK MAKAN;A
01119;PERTANIAN TANAMAN SEREALIA LAINNYA, KACANG- KACANGAN DAN BIJI-BIJIAN PENGHASIL MINYAK LAINNYA;A
01120;PERTANIAN PADI;A
01131;PERTANIAN TANAMAN HORTIKULTURA SAYURAN DAUN;A
01132;PERTANIAN TANAMAN HORTIKULTURA BUAH;A
01133;PERTANIAN TANAMAN HORTIKULTURA SAYURAN BUAH;A
01134;PERTANIAN TANAMAN HORTIKULTURA SAYURAN UMBI;A
01135;PERTANIAN TANAMAN UMBI-UMBIAN PALAWIJA;A
01136;PERTANIAN TANAMAN JAMUR;A
01137;PERTANIAN TANAMAN BIT GULA DAN TANAMAN PEMANIS BUKAN TEBU;A
01139;PERTANIAN TANAMAN HORTIKULTURA SAYURAN LAINNYA;A
01140;PERKEBUNAN TEBU;A
01150;PERKEBUNAN TEMBAKAU;A
01160;PERTANIAN TANAMAN BERSERAT;A
01191;PERTANIAN TANAMAN RUMPUT-RUMPUTAN DAN TANAMAN PAKAN TERNAK;A
01192;PEMBIBITAN BIT (BUKAN BIT GULA) DAN BIBIT TANAMAN PAKAN TERNAK;A
01193;PERTANIAN TANAMAN BUNGA;A
01194;PERTANIAN PEMBIBITAN TANAMAN BUNGA;A
01210;PERTANIAN BUAH ANGGUR;A
01220;PERTANIAN BUAH-BUAHAN TROPIS;A
01230;PERTANIAN BUAH JERUK;A
01240;PERTANIAN BUAH APEL DAN BUAH BATU (POME AND STONE FRUITS);A
01251;PERTANIAN BUAH BERI;A
01252;PERTANIAN TANAMAN BUAH BIJI KACANG-KACANGAN;A
01253;PERTANIAN TANAMAN SAYURAN TAHUNAN;A
01259;PERTANIAN TANAMAN BUAH SEMAK LAINNYA;A
01261;PERKEBUNAN BUAH KELAPA;A
01262;PERKEBUNAN BUAH KELAPA SAWIT;A
01269;PERKEBUNAN TANAMAN BUAH OLEAGINOUS LAINNYA;A
01270;PERTANIAN TANAMAN UNTUK BAHAN MINUMAN;A
01281;PERKEBUNAN LADA;A
01282;PERKEBUNAN CENGKEH;A
01283;PERKEBUNAN CABE;A
01284;PERKEBUNAN TANAMAN AROMATIK/PENYEGAR;A
01285;PERTANIAN TANAMAN OBAT ATAU BIOFARMAKA RIMPANG;A
01286;PERTANIAN TANAMAN OBAT ATAU BIOFARMAKA NON RIMPANG;A
01289;PERTANIAN TANAMAN REMPAH-REMPAH, AROMATIK/PENYEGAR, NARKOTIK DAN OBAT LAINNYA;A
01291;PERKEBUNAN KARET DAN TANAMAN PENGHASIL GETAH LAINNYA;A
01299;PERKEBUNAN CEMARA DAN TANAMAN TAHUNAN LAINNYA;A
01301;PERTANIAN TANAMAN HIAS BUKAN TANAMAN BUNGA;A
01302;PERTANIAN PENGEMBANGBIAKAN TANAMAN HOLTIKULTURA LAINNYA BUKAN BUNGA;A
01411;PEMBIBITAN DAN BUDIDAYA SAPI POTONG;A
01412;PEMBIBITAN DAN BUDIDAYA SAPI PERAH;A
01413;PEMBIBITAN DAN BUDIDAYA KERBAU POTONG;A
01414;PEMBIBITAN DAN BUDIDAYA KERBAU PERAH;A
01420;PETERNAKAN KUDA DAN SEJENISNYA;A
01430;PETERNAKAN UNTA DAN SEJENISNYA;A
01441;PEMBIBITAN DAN BUDIDAYA DOMBA;A
01442;PEMBIBITAN DAN BUDIDAYA KAMBING POTONG;A
01443;PEMBIBITAN DAN BUDIDAYA KAMBING PERAH;A
01450;PETERNAKAN BABI;A
01461;PEMBIBITAN DAN BUDIDAYA AYAM RAS PEDAGING;A
01462;PEMBIBITAN DAN BUDIDAYA AYAM RAS PETELUR;A
01463;PEMBIBITAN DAN BUDIDAYA AYAM BURAS;A
01464;PEMBIBITAN DAN BUDIDAYA ITIK;A
01465;PEMBIBITAN DAN BUDIDAYA ITIK MANILA;A
01466;PEMBIBITAN DAN BUDIDAYA BURUNG PUYUH;A
01467;PEMBIBITAN DAN BUDIDAYA BURUNG MERPATI;A
01469;PEMBIBITAN DAN BUDIDAYA TERNAK UNGGAS LAINNYA;A
01491;PEMBIBITAN DAN BUDIDAYA BURUNG UNTA;A
01492;PENGUSAHAAN KOKON/KEPOMPONG ULAT SUTERA;A
01493;PEMBIBITAN DAN BUDIDAYA LEBAH;A
01494;PEMBIBITAN DAN BUDIDAYA RUSA;A
01499;PEMBIBITAN DAN BUDIDAYA ANEKA TERNAK LAINNYA;A
01611;JASA PENGOLAHAN LAHAN;A
01612;JASA PEMUPUKAN, PENANAMAN BIBIT/BENIH DAN PENGENDALIAN JASAD PENGGANGGU;A
01613;JASA PEMANENAN;A
01614;JASA PENYEMPROTAN DAN PENYERBUKAN MELALUI UDARA;A
01619;JASA PENUNJANG PERTANIAN LAINNYA;A
01621;JASA PELAYANAN KESEHATAN TERNAK;A
01622;JASA PEMACEKAN TERNAK;A
01623;JASA PENETASAN TELUR;A
01629;JASA PENUNJANG PETERNAKAN LAINNYA;A
01630;JASA PASCA PANEN;A
01640;PEMILIHAN BIBIT TANAMAN UNTUK PENGEMBANGBIAKAN;A
01701;PERBURUAN DAN PENANGKAPAN SATWA LIAR;A
01702;PENANGKARAN SATWA LIAR;A
02111;PENGUSAHAAN HUTAN JATI;A
02112;PENGUSAHAAN HUTAN PINUS;A
02113;PENGUSAHAAN HUTAN MAHONI;A
02114;PENGUSAHAAN HUTAN SONOKELING;A
02115;PENGUSAHAAN HUTAN ALBASIA/JEUNJING;A
02116;PENGUSAHAAN HUTAN CENDANA;A
02117;PENGUSAHAAN HUTAN AKASIA;A
02118;PENGUSAHAAN HUTAN EKALIPTUS;A
02119;PENGUSAHAAN HUTAN LAINNYA;A
02120;PENGUSAHAAN HUTAN ALAM;A
02131;PENGUSAHAAN ROTAN;A
02132;PENGUSAHAAN GETAH PINUS;A
02133;PENGUSAHAAN DAUN KAYU PUTIH;A
02134;PENGUSAHAAN BAMBU;A
02135;PENGUSAHAAN DAMAR;A
02136;PENGUSAHAAN GAHARU;A
02139;PENGUSAHAAN HUTAN BUKAN KAYU LAINNYA;A
02201;PENEBANGAN KAYU;A
02202;USAHA PEMUNGUTAN KAYU;A
02209;USAHA KEHUTANAN LAINNYA;A
02301;PEMUNGUTAN GETAH KARET;A
02302;PEMUNGUTAN ROTAN;A
02303;PEMUNGUTAN GETAH PINUS;A
02304;PEMUNGUTAN DAUN KAYU PUTIH;A
02305;PEMUNGUTAN KOKON/KEPOMPONG ULAT SUTERA;A
02306;PEMUNGUTAN DAMAR;A
02307;PEMUNGUTAN MADU;A
02308;PEMUNGUTAN BAMBU;A
02309;PEMUNGUTAN BUKAN KAYU LAINNYA;A
02401;JASA KEHUTANAN BIDANG PENGGUNAAN KAWASAN HUTAN;A
02402;JASA KEHUTANAN BIDANG PERLINDUNGAN HUTAN DAN KONSERVASI ALAM;A
02403;JASA KEHUTANAN BIDANG REHABILITASI LAHAN DAN KEHUTANAN SOSIAL;A
02409;JASA PENUNJANG KEHUTANAN LAINNYA;A
03111;PENANGKAPAN PISCES/IKAN BERSIRIP DI LAUT;A
03112;PENANGKAPAN CRUSTACEA DI LAUT;A
03113;PENANGKAPAN MOLLUSCA DI LAUT;A
03114;PENANGKAPAN/PENGAMBILAN ALGAE (TUMBUHAN) DI LAUT;A
03115;PENANGKAPAN/PENGAMBILAN BENIH IKAN LAUT;A
03116;PENANGKAPAN ECHINODERMATA DI LAUT;A
03117;PENANGKAPAN COELENTERATA DI LAUT;A
03118;PENANGKAPAN IKAN HIAS LAUT;A
03119;PENANGKAPAN BIOTA AIR LAINNYA DI LAUT;A
03121;PENANGKAPAN PISCES/IKAN BERSIRIP DI PERAIRAN UMUM;A
03122;PENANGKAPAN CRUSTACEA DI PERAIRAN UMUM;A
03123;PENANGKAPAN MOLLUSCA DI PERAIRAN UMUM;A
03124;PENANGKAPAN/PENGAMBILAN ALGAE DI PERAIRAN UMUM;A
03125;PENANGKAPAN/PENGAMBILAN INDUK/BENIH IKAN DI PERAIRAN UMUM;A
03129;PENANGKAPAN BIOTA AIR LAINNYA DI PERAIRAN UMUM;A
03131;JASA SARANA PRODUKSI PENANGKAPAN IKAN DI LAUT;A
03132;JASA PRODUKSI PENANGKAPAN IKAN DI LAUT;A
03133;JASA PASCA PANEN PENANGKAPAN IKAN DI LAUT;A
03141;JASA SARANA PRODUKSI PENANGKAPAN IKAN DI PERAIRAN UMUM;A
03142;JASA PRODUKSI PENANGKAPAN IKAN DI PERAIRAN UMUM;A
03143;JASA PASCA PANEN PENANGKAPAN IKAN DI PERAIRAN UMUM;A
03211;PEMBESARAN IKAN LAUT;A
03212;PEMBENIHAN IKAN LAUT;A
03213;BUDIDAYA IKAN HIAS LAUT;A
03214;BUDIDAYA KARANG (CORAL);A
03221;PEMBESAR IKAN AIR TAWAR DI KOLAM;A
03222;BUDIDAYA IKAN AIR TAWAR DI KARAMBA JARING APUNG;A
03223;PEMBESARAN IKAN AIR TAWAR DI KARAMBA;A
03224;PEMBESARAN IKAN AIR TAWAR DI SAWAH;A
03225;BUDIDAYA IKAN HIAS AIR TAWAR;A
03226;PEMBENIHAN IKAN AIR TAWAR;A
03231;JASA SARANA PRODUKSI BUDIDAYA IKAN LAUT;A
03232;JASA PRODUKSI BUDIDAYA IKAN LAUT;A
03233;JASA PASCA PANEN BUDIDAYA IKAN LAUT;A
03241;JASA SARANA PRODUKSI BUDIDAYA IKAN DI AIR TAWAR;A
03242;JASA PRODUKSI BUDIDAYA IKAN DI AIR TAWAR;A
03243;JASA PASCA PANEN BUDIDAYA IKAN DI AIR TAWAR;A
03251;PEMBESARAN IKAN AIR PAYAU;A
03252;PEMBENIHAN IKAN AIR PAYAU;A
03261;JASA SARANA PRODUKSI BUDIDAYA IKAN AIR PAYAU;A
03262;JASA PRODUKSI BUDIDAYA IKAN AIR PAYAU;A
03263;JASA PASCA PANEN BUDIDAYA IKAN AIR PAYAU;A
05101;PERTAMBANGAN BATU BARA;B
05102;GASIFIKASI BATU BARA DI LOKASI PENAMBANGAN;B
05200;PERTAMBANGAN LIGNIT;B
06100;PERTAMBANGAN MINYAK BUMI;B
06201;PERTAMBANGAN GAS ALAM;B
06202;PENGUSAHAAN TENAGA PANAS BUMI;B
07101;PERTAMBANGAN PASIR BESI;B
07102;PERTAMBANGAN BIJIH BESI;B
07210;PERTAMBANGAN BIJIH URANIUM DAN THORIUM;B
07291;PERTAMBANGAN BIJIH TIMAH;B
07292;PERTAMBANGAN BIJIH TIMAH HITAM;B
07293;PERTAMBANGAN BIJIH BAUKSIT;B
07294;PERTAMBANGAN BIJIH TEMBAGA;B
07295;PERTAMBANGAN BIJIH NIKEL;B
07296;PERTAMBANGAN BIJIH MANGAN;B
07299;PERTAMBANGAN BAHAN GALIAN LAINNYA YANG TIDAK MENGANDUNG BIJIH BESI;B
07301;PERTAMBANGAN EMAS DAN PERAK;B
07309;PERTAMBANGAN BIJIH LOGAM MULIA LAINNYA;B
08101;PENGGALIAN BATU HIAS DAN BATU BANGUNAN;B
08102;PENGGALIAN BATU KAPUR/GAMPING;B
08103;PENGGALIAN KERIKIL (SIRTU);B
08104;PENGGALIAN PASIR;B
08105;PENGGALIAN TANAH DAN TANAH LIAT;B
08106;PENGGALIAN GIPS;B
08911;PERTAMBANGAN BELERANG;B
08912;PERTAMBANGAN FOSFAT;B
08913;PERTAMBANGAN NITRAT;B
08914;PERTAMBANGAN YODIUM;B
08915;PERTAMBANGAN POTASH (KALIUM KARBONAT);B
08919;PERTAMBANGAN MINERAL, BAHAN KIMIA DAN BAHAN PUPUK LAINNYA;B
08920;EKSTRAKSI TANAH GAMBUT (PEAT);B
08930;EKSTRAKSI GARAM;B
08991;PERTAMBANGAN BATU MULIA;B
08992;PENGGALIAN BATU BAHAN INDUSTRI;B
08993;PERTAMBANGAN ASPAL ALAM;B
08994;PENGGALIAN ASBES;B
08999;PERTAMBANGAN DAN PENGGALIAN LAINNYA YTDL;B
09100;JASA PERTAMBANGAN MINYAK BUMI DAN GAS ALAM;B
09900;JASA PERTAMBANGAN DAN PENGGALIAN LAINNYA;B
10110;KEGIATAN RUMAH POTONG DAN PENGEPAKAN DAGING BUKAN UNGGAS;C
10120;KEGIATAN RUMAH POTONG DAN PENGEPAKAN DAGING UNGGAS;C
10130;INDUSTRI PENGOLAHAN DAN PENGAWETAN PRODUK DAGING DAN DAGING UNGGAS;C
10211;INDUSTRI PENGGARAMAN/PENGERINGAN IKAN;C
10212;INDUSTRI PENGASAPAN/PEMANGGANGAN IKAN;C
10213;INDUSTRI PEMBEKUAN IKAN;C
10214;INDUSTRI PEMINDANGAN IKAN;C
10215;INDUSTRI PERAGIAN/FERMENTASI IKAN;C
10216;INDUSTRI BERBASIS DAGING LUMATAN DAN SURIMI;C
10217;INDUSTRI PENDINGINAN/PENGESAN IKAN;C
10219;INDUSTRI PENGOLAHAN DAN PENGAWETAN LAINNYA UNTUK IKAN;C
10221;INDUSTRI PENGOLAHAN DAN PENGAWETAN IKAN DAN BIOTA AIR (BUKAN UDANG) DALAM KALENG;C
10222;INDUSTRI PENGOLAHAN DAN PENGAWETAN UDANG DALAM KALENG;C
10291;INDUSTRI PENGGARAMAN/PENGERINGAN BIOTA AIR LAINNYA;C
10292;INDUSTRI PENGASAPAN/PEMANGGANGAN BIOTA AIR LAINNYA;C
10293;INDUSTRI PEMBEKUAN BIOTA AIR LAINNYA;C
10294;INDUSTRI PEMINDANGAN BIOTA AIR LAINNYA;C
10295;INDUSTRI PERAGIAN/FERMENTASI BIOTA AIR LAINNYA;C
10296;INDUSTRI BERBASIS LUMATAN BIOTA AIR LAINNYA;C
10297;INDUSTRI PENDINGINAN/PENGESAN BIOTA AIR LAINNYA;C
10299;INDUSTRI PENGOLAHAN DAN PENGAWETAN LAINNYA UNTUK BIOTA AIR LAINNYA;C
10311;INDUSTRI PENGASINAN/PEMANISAN BUAH-BUAHAN DAN SAYURAN;C
10312;INDUSTRI PELUMATAN BUAH-BUAHAN DAN SAYURAN;C
10313;INDUSTRI PENGERINGAN BUAH-BUAHAN DAN SAYURAN;C
10314;INDUSTRI PEMBEKUAN BUAH-BUAHAN DAN SAYURAN;C
10320;INDUSTRI PENGOLAHAN DAN PENGAWETAN BUAH-BUAHAN DAN SAYURAN DALAM KALENG;C
10330;INDUSTRI PENGOLAHAN SARI BUAH DAN SAYURAN;C
10391;INDUSTRI TEMPE KEDELAI;C
10392;INDUSTRI TAHU KEDELAI;C
10399;INDUSTRI PENGOLAHAN DAN PENGAWETAN LAINNYA BUAH- BUAHAN DAN SAYURAN;C
10411;INDUSTRI MINYAK MAKAN DAN LEMAK NABATI;C
10412;INDUSTRI MARGARINE;C
10413;INDUSTRI MINYAK MAKAN DAN LEMAK HEWANI SELAIN IKAN;C
10414;INDUSTRI MINYAK IKAN;C
10415;INDUSTRI MINYAK GORENG BUKAN MINYAK KELAPA DAN MINYAK KELAPA SAWIT;C
10421;INDUSTRI KOPRA;C
10422;INDUSTRI MINYAK MAKAN KELAPA;C
10423;INDUSTRI MINYAK GORENG KELAPA;C
10424;INDUSTRI TEPUNG DAN PELET KELAPA;C
10431;INDUSTRI MINYAK MAKAN KELAPAN SAWIT (CRIUDE PALM OIL);C
10432;INDUSTRI MINYAK GORENG KELAPA SAWIT;C
10490;INDUSTRI MINYAK MAKAN DAN LEMAK NABATI DAN HEWANI LAINNYA;C
10510;INDUSTRI PENGOLAHAN SUSU SEGAR DAN KRIM;C
10520;INDUSTRI PENGOLAHAN SUSU BUBUK DAN SUSU KENTAL;C
10531;INDUSTRI PENGOLAHAN ES KRIM;C
10532;INDUSTRI PENGOLAHAN ES SEJENISNYA YANG DAPAT DIMAKAN (BUKAN ES BATU DAN ES BALOK);C
10590;INDUSTRI PENGOLAHAN PRODUK DARI SUSU LAINNYA;C
10611;INDUSTRI PENGGILINGAN DAN PEMBERSIHAN PADI-PADIAN DAN BIJI-BIJIAN;C
10612;INDUSTRI PENGUPASAN, PEMBERSIHAN DAN SORTASI KOPI;C
10613;INDUSTRI PENGUPASAN, PEMBERSIHAN DAN PENGERINGAN KAKAO;C
10614;INDUSTRI PENGUPASAN DAN PEMBERSIHAN BIJI-BIJIAN BUKAN KOPI DAN KAKAO;C
10615;INDUSTRI PENGUPASAN DAN PEMBERSIHAN KACANG- KACANGAN;C
10616;INDUSTRI PENGUPASAN DAN PEMBERSIHAN UMBI-UMBIAN (TERMASUK RIZOMA);C
10617;INDUSTRI TEPUNG TERIGU;C
10618;INDUSTRI BERBAGAI MACAM TEPUNG DARI PADI-PADIAN, BIJI-BIJIAN, KACANG-KACANGAN,;C
10621;INDUSTRI PATI UBI KAYU;C
10622;INDUSTRI BERBAGAI MACAM PATI PALMA;C
10623;INDUSTRI GLUKOSA DAN SEJENISNYA;C
10629;INDUSTRI PATI LAINNYA;C
10631;INDUSTRI PENGGILINGAN PADI DAN PENYOSOHAN BERAS;C
10632;INDUSTRI PENGGILINGAN DAN PEMBERSIHAN JAGUNG;C
10633;INDUSTRI TEPUNG BERAS DAN TEPUNG JAGUNG;C
10634;INDUSTRI PATI BERAS DAN JAGUNG;C
10710;INDUSTRI PRODUK ROTI DAN KUE;C
10721;INDUSTRI GULA PASIR;C
10722;INDUSTRI GULA MERAH;C
10723;INDUSTRI SIROP;C
10729;INDUSTRI PENGOLAHAN GULA LAINNYA BUKAN SIROP;C
10731;INDUSTRI KAKAO;C
10732;INDUSTRI MAKANAN DARI COKELAT DAN KEMBANG GULA;C
10733;INDUSTRI MANISAN BUAH-BUAHAN DAN SAYURAN KERING;C
10739;INDUSTRI KEMBANG GULA LAINNYA;C
10740;INDUSTRI MAKARONI, MIE DAN PRODUK SEJENISNYA;C
10750;INDUSTRI MAKANAN DAN MASAKAN OLAHAN;C
10761;INDUSTRI PENGOLAHAN KOPI DAN TEH;C
10762;INDUSTRI PENGOLAHAN HERBAL (HERB INFUSION);C
10771;INDUSTRI KECAP;C
10772;INDUSTRI BUMBU MASAK DAN PENYEDAP MASAKAN;C
10773;INDUSTRI PRODUK MASAK DARI KELAPA;C
10774;INDUSTRI PENGOLAHAN GARAM;C
10779;INDUSTRI PRODUK MASAK LAINNYA;C
10791;INDUSTRI MAKANAN BAYI;C
10792;INDUSTRI KUE BASAH;C
10793;INDUSTRI MAKANAN DARI KEDELE DAN KACANG-KACANGAN LAINNYA BUKAN KECAP, TEMPE DAN TAHU;C
10794;INDUSTRI KERUPUK, KERIPIK, PEYEK DAN SEJENISNYA;C
10799;INDUSTRI PRODUK MAKANAN LAINNYA;C
10801;INDUSTRI RANSUM MAKANAN HEWAN;C
10802;INDUSTRI KONSENTRAT MAKANAN HEWAN;C
11010;INDUSTRI MINUMAN KERAS;C
11020;INDUSTRI MINUMAN ANGGUR (WINE);C
11030;INDUSTRI MINUMAN KERAS DARI MALT DAN MALT;C
11040;INDUSTRI MINUMAN RINGAN;C
11050;INDUSTRI AIR MINUM DAN AIR MINERAL;C
11090;INDUSTRI MINUMAN LAINNYA;C
12011;INDUSTRI ROKOK KRETEK;C
12012;INDUSTRI ROKOK PUTIH;C
12019;INDUSTRI ROKOK DAN CERUTU LAINNYA;C
12091;INDUSTRI PENGERINGAN DAN PENGOLAHAN TEMBAKAU;C
12099;INDUSTRI BUMBU ROKOK SERTA KELENGKAPAN ROKOK LAINNYA;C
13111;INDUSTRI PERSIAPAN SERAT TEKSTIL;C
13112;INDUSTRI PEMINTALAN BENANG;C
13113;INDUSTRI PEMINTALAN BENANG JAHIT;C
13121;INDUSTRI PERTENUNAN (BUKAN PERTENUNAN KARUNG GONI DAN KARUNG LAINNYA);C
13122;INDUSTRI KAIN TENUN IKAT;C
13123;INDUSTRI BULU TIRUAN TENUNAN;C
13131;INDUSTRI PENYEMPURNAAN BENANG;C
13132;INDUSTRI PENYEMPURNAAN KAIN;C
13133;INDUSTRI PENCETAKAN KAIN;C
13134;INDUSTRI BATIK;C
13911;INDUSTRI KAIN RAJUTAN;C
13912;INDUSTRI KAIN SULAMAN/BORDIR;C
13913;INDUSTRI BULU TIRUAN RAJUTAN;C
13921;INDUSTRI BARANG JADI TEKSTIL UNTUK KEPERLUAN RUMAH TANGGA;C
13922;INDUSTRI BARANG JADI TEKSTIL SULAMAN;C
13923;INDUSTRI BANTAL DAN SEJENISNYA;C
13924;INDUSTRI BARANG JADI RAJUTAN DAN SULAMAN;C
13929;INDUSTRI BARANG JADI TEKSTIL LAINNYA;C
13930;INDUSTRI KARPET DAN PERMADANI;C
13941;INDUSTRI TALI;C
13942;INDUSTRI BARANG DARI TALI;C
13991;INDUSTRI KAIN PITA (NARROW FABRIC);C
13992;INDUSTRI YANG MENGHASILKAN KAIN KEPERLUAN INDUSTRI;C
13993;INDUSTRI NON WOVEN (BUKAN TENUNAN);C
13994;INDUSTRI KAIN BAN;C
13995;INDUSTRI KARUNG GONI;C
13996;INDUSTRI KARUNG BUKAN GONI;C
13997;INDUSTRI KAPUK;C
13999;INDUSTRI TEKSTIL LAINNYA YTDL;C
14111;INDUSTRI PAKAIAN JADI (KONVEKSI) DARI TEKSTIL;C
14112;INDUSTRI PAKAIAN JADI (KONVEKSI) DARI KULIT;C
14120;PENJAHITAN DAN PEMBUATAN PAKAIAN SESUAI PESANAN;C
14131;INDUSTRI PERLENGKAPAN PAKAIAN DARI TEKSTIL;C
14132;INDUSTRI PERLENGKAPAN PAKAIAN DARI KULIT;C
14200;INDUSTRI PAKAIAN JADI DAN BARANG DARI KULIT BERBULU;C
14301;INDUSTRI PAKAIAN JADI RAJUTAN;C
14302;INDUSTRI PAKAIAN JADI SULAMAN/BORDIR;C
14303;INDUSTRI RAJUTAN KAOS KAKI DAN SEJENISNYA;C
15111;INDUSTRI PENGAWETAN KULIT;C
15112;INDUSTRI PENYAMAKAN KULIT;C
15113;INDUSTRI PENCELUPAN KULIT BULU;C
15114;INDUSTRI KULIT BUATAN/IMITASI;C
15121;INDUSTRI BARANG DARI KULIT DAN KULIT BUATAN UNTUK KEPERLUAN PRIBADI;C
15122;INDUSTRI BARANG DARI KULIT DAN KULIT BUATAN UNTUK KEPERLUAN TEKNIK/INDUSTRI;C
15123;INDUSTRI BARANG DARI KULIT DAN KULIT BUATAN UNTUK KEPERLUAN HEWAN;C
15129;INDUSTRI BARANG DARI KULIT DAN KULIT BUATAN UNTUK KEPERLUAN LAINNYA;C
15201;INDUSTRI ALAS KAKI UNTUK KEPERLUAN SEHARI-HARI;C
15202;INDUSTRI SEPATU OLAHRAGA;C
15203;INDUSTRI SEPATU TEKNIK LAPANGAN/KEPERLUAN INDUSTRI;C
15209;INDUSTRI ALAS KAKI LAINNYA;C
16101;INDUSTRI PENGGERGAJIAN KAYU;C
16102;INDUSTRI PENGAWETAN KAYU;C
16103;INDUSTRI PENGAWETAN ROTAN, BAMBU DAN SEJENISNYA;C
16104;INDUSTRI PENGOLAHAN ROTAN;C
16211;INDUSTRI KAYU LAPIS;C
16212;INDUSTRI KAYU LAPIS LAMINASI, TERMASUK DECORATIVE PLYWOOD;C
16213;INDUSTRI PANEL KAYU LAINNYA;C
16214;INDUSTRI VENEER;C
16221;INDUSTRI BARANG BANGUNAN DARI KAYU;C
16222;INDUSTRI BANGUNAN PRAFABRIKASI DARI KAYU;C
16230;INDUSTRI WADAH DARI KAYU;C
16291;INDUSTRI BARANG ANYAMAN DARI ROTAN DAN BAMBU;C
16292;INDUSTRI BARANG ANYAMAN DARI TANAMAN BUKAN ROTAN DAN BAMBU;C
16293;INDUSTRI KERAJINAN UKIRAN DARI KAYU BUKAN MEBELLER;C
16294;INDUSTRI ALAT DAPUR DARI KAYU, ROTAN DAN BAMBU;C
16295;INDUSTRI KAYU BAKAR DAN PELET KAYU;C
16299;INDUSTRI BARANG DARI KAYU, ROTAN, GABUS LAINNYA YTDL;C
17011;INDUSTRI BUBUR KERTAS (PULP);C
17012;INDUSTRI KERTAS BUDAYA;C
17013;INDUSTRI KERTAS BERHARGA;C
17014;INDUSTRI KERTAS KHUSUS;C
17019;INDUSTRI KERTAS LAINNYA;C
17021;INDUSTRI KERTAS DAN PAPAN KERTAS BERGELOMBANG;C
17022;INDUSTRI KEMASAN DAN KOTAK DARI KERTAS DAN KARTON;C
17091;INDUSTRI KERTAS TISSUE;C
17099;INDUSTRI BARANG DARI KERTAS DAN PAPAN KERTAS LAINNYA YTDL;C
18111;INDUSTRI PENCETAKAN UMUM;C
18112;INDUSTRI PENCETAKAN KHUSUS;C
18120;JASA PENUNJANG PENCETAKAN;C
18201;REPRODUKSI MEDIA REKAMAN SUARA DAN PIRANTI LUNAK;C
18202;REPRODUKSI MEDIA REKAMAN FILM DAN VIDEO;C
19100;INDUSTRI PRODUK DARI BATU BARA;C
19211;INDUSTRI PEMURNIAN DAN PENGILANGAN MINYAK BUMI;C
19212;INDUSTRI PEMURNIAN DAN PENGOLAHAN GAS ALAM;C
19213;INDUSTRI PEMBUATAN MINYAK PELUMAS;C
19214;INDUSTRI PENGOLAHAN KEMBALI MINYAK PELUMAS BEKAS;C
19291;INDUSTRI PRODUK DARI HASIL KILANG MINYAK BUMI;C
19292;INDUSTRI BRIKET BATU BARA;C
20111;INDUSTRI KIMIA DASAR ANORGANIK KHLOR DAN ALKALI;C
20112;INDUSTRI KIMIA DASAR ANORGANIK GAS INDUSTRI;C
20113;INDUSTRI KIMIA DASAR ANORGANIK PIGMEN;C
20114;INDUSTRI KIMIA DASAR ANORGANIK LAINNYA;C
20115;INDUSTRI KIMIA DASAR ORGANIK YANG BERSUMBER DARI HASIL PERTANIAN;C
20116;INDUSTRI KIMIA DASAR ORGANIK UNTUK BAHAN BAKU ZAT WARNA DAN PIGMEN, ZAT WARNA DAN PIGMEN;C
20117;INDUSTRI KIMIA DASAR ORGANIK YANG BERSUMBER DARI MINYAK BUMI, GAS ALAM DAN BATU BARA;C
20118;INDUSTRI KIMIA DASAR ORGANIK YANG MENGHASILKAN BAHAN KIMIA KHUSUS;C
20119;INDUSTRI KIMIA DASAR ORGANIK LAINNYA;C
20121;INDUSTRI PUPUK ALAM/NON SINTETIS HARA MAKRO PRIMER;C
20122;INDUSTRI PUPUK BUATAN TUNGGAL HARA MAKRO PRIMER;C
20123;INDUSTRI PUPUK BUATAN MAJEMUK HARA MAKRO PRIMER;C
20124;INDUSTRI PUPUK BUATAN CAMPURAN HARA MAKRO PRIMER;C
20125;INDUSTRI PUPUK HARA MAKRO SEKUNDER;C
20126;INDUSTRI PUPUK HARA MIKRO;C
20127;INDUSTRI PUPUK PELENGKAP;C
20129;INDUSTRI PUPUK LAINNYA;C
20131;INDUSTRI DAMAR BUATAN (RESIN SINTETIS) DAN BAHAN BAKU PLASTIK;C
20132;INDUSTRI KARET BUATAN;C
20211;INDUSTRI BAHAN BAKU PEMBERANTAS HAMA (BAHAN AKTIF);C
20212;INDUSTRI PEMBERANTAS HAMA (FORMULASI);C
20213;INDUSTRI ZAT PENGATUR TUMBUH;C
20214;INDUSTRI BAHAN AMELIORAN (PEMBENAH TANAH);C
20221;INDUSTRI CAT DAN TINTA CETAK;C
20222;INDUSTRI PERNIS (TERMASUK MASTIK);C
20223;INDUSTRI LAK;C
20231;INDUSTRI SABUN DAN BAHAN PEMBERSIH KEPERLUAN RUMAH TANGGA;C
20232;INDUSTRI BAHAN KOSMETIK DAN KOSMETIK, TERMASUK PASTA GIGI;C
20291;INDUSTRI PEREKAT/LEM;C
20292;INDUSTRI BAHAN PELEDAK;C
20293;INDUSTRI TINTA;C
20294;INDUSTRI MINYAK ATSIRI;C
20295;INDUSTRI KOREK API;C
20299;INDUSTRI BARANG KIMIA LAINNYA YTDL;C
20301;INDUSTRI SERAT/BENANG/STRIP FILAMEN BUATAN;C
20302;INDUSTRI SERAT STAPEL BUATAN;C
21011;INDUSTRI BAHAN FARMASI;C
21012;INDUSTRI PRODUK FARMASI;C
21021;INDUSTRI SIMPLISIA (BAHAN OBAT TRADISIONAL);C
21022;INDUSTRI PRODUK OBAT TRADISIONAL;C
22111;INDUSTRI BAN LUAR DAN BAN DALAM;C
22112;INDUSTRI VULKANISIR BAN;C
22121;INDUSTRI PENGASAPAN KARET;C
22122;INDUSTRI REMILLING KARET;C
22123;INDUSTRI KARET REMAH (CRUMB RUBBER);C
22191;INDUSTRI BARANG DARI KARET UNTUK KEPERLUAN RUMAH TANGGA;C
22192;INDUSTRI BARANG DARI KARET UNTUK KEPERLUAN INDUSTRI;C
22199;INDUSTRI BARANG DARI KARET LAINNYA YTDL;C
22210;INDUSTRI BARANG DARI PLASTIK UNTUK BANGUNAN;C
22220;INDUSTRI BARANG DARI PLASTIK UNTUK PENGEMASAN;C
22230;INDUSTRI PIPA PLASTIK DAN PERLENGKAPANNYA;C
22291;INDUSTRI BARANG PLASTIK LEMBARAN;C
22292;INDUSTRI PERLENGKAPAN DAN PERALATAN RUMAH TANGGA (TIDAK TERMASUK FURNITUR);C
22293;INDUSTRI BARANG DAN PERALATAN TEKNIK/INDUSTRI DARI PLASTIK;C
22299;INDUSTRI BARANG PLASTIK LAINNYA YTDL;C
23111;INDUSTRI KACA LEMBARAN;C
23112;INDUSTRI KACA PENGAMAN;C
23112;INDUSTRI KACA PENGAMAN;C
23119;INDUSTRI KACA LAINNYA;C
23121;INDUSTRI PERLENGKAPAN DAN PERALATAN RUMAH TANGGA DARI KACA;C
23122;INDUSTRI ALAT-ALAT LABORATORIUM, FARMASI DAN KESEHATAN DARI KACA;C
23123;INDUSTRI KEMASAN DARI KACA;C
23129;INDUSTRI BARANG LAINNYA DARI KACA;C
23911;INDUSTRI BATA, MORTAR DAN SEMEN TAHAN API;C
23919;INDUSTRI BARANG TAHAN API DARI TANAH LIAT/KERAMIK LAINNYA;C
23921;INDUSTRI BATU BATA DARI TANAH LIAT/KERAMIK;C
23922;INDUSTRI GENTENG DARI TANAH LIAT/KERAMIK;C
23923;INDUSTRI PERALATAN SANITER DARI PORSELEN;C
23929;INDUSTRI BAHAN BANGUNAN DARI TANAH LIAT/KERAMIK BUKAN BATU BATA DAN GENTENG;C
23931;INDUSTRI PERLENGKAPAN RUMAH TANGGA DARI PORSELEN;C
23932;INDUSTRI PERLENGKAPAN RUMAH TANGGA DARI TANAH LIAT/KERAMIK;C
23933;INDUSTRI ALAT LABORATORIUM DAN ALAT LISTRIK/TEKNIK DARI PORSELEN;C
23939;INDUSTRI BARANG TANAH LIAT/KERAMIK DAN PORSELEN LAINNYA BUKAN BAHAN BANGUNAN;C
23941;INDUSTRI SEMEN;C
23942;INDUSTRI KAPUR;C
23943;INDUSTRI GIPS;C
23951;INDUSTRI BARANG DARI SEMEN;C
23952;INDUSTRI BARANG DARI KAPUR;C
23953;INDUSTRI BARANG DARI SEMEN DAN KAPUR UNTUK KONSTRUKSI;C
23954;INDUSTRI BARANG DARI GIPS UNTUK KONSTRUKSI;C
23955;INDUSTRI BARANG DARI ASBES UNTUK KEPERLUAN BAHAN BANGUNAN;C
23956;INDUSTRI BARANG DARI ASBES UNTUK KEPERLUAN INDUSTRI;C
23957;INDUSTRI MORTAR ATAU BETON SIAP PAKAI;C
23959;INDUSTRI BARANG DARI SEMEN, KAPUR, GIPS DAN ASBES LAINNYA;C
23961;INDUSTRI BARANG DARI MARMER DAN GRANIT UNTUK KEPERLUAN RUMAH TANGGA DAN PAJANGAN;C
23962;INDUSTRI BARANG DARI MARMER DAN GRANIT UNTUK KEPERLUAN BAHAN BANGUNAN;C
23963;INDUSTRI BARANG DARI BATU UNTUK KEPERLUAN RUMAH TANGGA DAN PAJANGAN;C
23969;INDUSTRI BARANG DARI MARMER, GRANIT DAN BATU LAINNYA;C
23990;INDUSTRI BARANG GALIAN BUKAN LOGAM LAINNYA YTDL;C
24101;INDUSTRI BESI DAN BAJA DASAR (IRON AND STEEL MAKING);C
24102;INDUSTRI PENGGILINGAN BAJA (STEEL ROLLING);C
24103;INDUSTRI PIPA DAN SAMBUNGAN PIPA DARI BAJA DAN BESI;C
24201;INDUSTRI PEMBUATAN LOGAM DASAR MULIA;C
24202;INDUSTRI PEMBUATAN LOGAM DASAR BUKAN BESI;C
24203;INDUSTRI PENGGILINGAN LOGAM BUKAN BESI;C
24204;INDUSTRI EKSTRUSI LOGAM BUKAN BESI;C
24205;INDUSTRI PIPA DAN SAMBUNGAN PIPA DARI LOGAM BUKAN BESI DAN BAJA;C
24206;INDUSTRI PENGOLAHAN URANIUM DAN BIJIH URANIUM;C
24310;INDUSTRI PENGECORAN BESI DAN BAJA;C
24320;INDUSTRI PENGECORAN LOGAM BUKAN BESI DAN BAJA;C
25111;INDUSTRI BARANG DARI LOGAM BUKAN ALUMINIUM SIAP PASANG UNTUK BANGUNAN;C
25112;INDUSTRI BARANG DARI LOGAM ALUMINIUM SIAP PASANG UNTUK BANGUNAN;C
25113;INDUSTRI KONSTRUKSI BERAT SIAP PASANG DARI BAJA UNTUK BANGUNAN;C
25119;INDUSTRI BARANG DARI LOGAM SIAP PASANG UNTUK KONSTRUKSI LAINNYA;C
25120;INDUSTRI TANGKI, TANDON AIR DAN WADAH DARI LOGAM;C
25130;INDUSTRI GENERATOR UAP, BUKAN KETEL PEMANAS;C
25200;INDUSTRI SENJATA DAN AMUNISI;C
25910;"INDUSTRI PENEMPAAN, PENGEPRESAN, PENCETAKAN DAN PEMBENTUKAN LOGAM; METALURGI BUBUK";C
25920;JASA INDUSTRI UNTUK BERBAGAI PENGERJAAN KHUSUS LOGAM DAN BARANG DARI LOGAM;C
25931;INDUSTRI ALAT POTONG DAN PERKAKAS TANGAN UNTUK PERTANIAN;C
25932;INDUSTRI ALAT POTONG DAN PERKAKAS TANGAN PERTUKANGAN;C
25933;INDUSTRI ALAT POTONG DAN PERKAKAS TANGAN YANG DIGUNAKAN DALAM RUMAH TANGGA;C
25934;INDUSTRI PERALATAN UMUM;C
25940;INDUSTRI EMBER, KALENG, DRUM DAN WADAH SEJENIS DARI LOGAM;C
25951;INDUSTRI BARANG DARI KAWAT;C
25952;INDUSTRI PAKU, MUR DAN BAUT;C
25991;INDUSTRI BRANKAS, FILLING KANTOR DAN SEJENISNYA;C
25992;INDUSTRI PERALATAN DAPUR DAN PERALATAN MEJA DARI LOGAM;C
25993;INDUSTRI KEPERLUAN RUMAH TANGGA DARI LOGAM BUKAN PERALATAN DAPUR DAN PERALATAN MEJA;C
25994;INDUSTRI PEMBUATAN PROFIL;C
25995;INDUSTRI LAMPU DARI LOGAM;C
25999;INDUSTRI BARANG LOGAM LAINNYA YTDL;C
26110;INDUSTRI TABUNG ELEKTRON DAN KONEKTOR ELEKTRONIK;C
26120;INDUSTRI SEMI KONDUKTOR DAN KOMPONEN ELEKTRONIK LAINNYA;C
26210;INDUSTRI KOMPUTER DAN/ATAU PERAKITAN KOMPUTER;C
26220;INDUSTRI PERLENGKAPAN KOMPUTER;C
26310;INDUSTRI PERALATAN TELEPON DAN FAKSIMILI;C
26320;INDUSTRI PERALATAN KOMUNIKASI TANPA KABEL (WIRELESS);C
26390;INDUSTRI PERALATAN KOMUNIKASI LAINNYA;C
26410;INDUSTRI TELEVISI DAN/ATAU PERAKITAN TELEVISI;C
26420;INDUSTRI PERALATAN PEREKAM, PENERIMA DAN PENGGANDA AUDIO DAN VIDEO, BUKAN INDUSTRI TELEVISI;C
26490;INDUSTRI PERALATAN AUDIO DAN VIDEO ELEKTRONIK LAINNYA;C
26511;INDUSTRI ALAT UKUR DAN ALAT UJI MANUAL;C
26512;INDUSTRI ALAT UKUR DAN ALAT UJI ELEKTRIK;C
26513;INDUSTRI ALAT UKUR DAN ALAT UJI ELEKTRONIK;C
26514;INDUSTRI ALAT UJI DALAM PROSES INDUSTRI;C
26520;INDUSTRI ALAT UKUR WAKTU;C
26601;INDUSTRI PERALATAN IRADIASI/SINAR X, PERLENGKAPAN DAN SEJENISNYA;C
26602;INDUSTRI PERALATAN ELEKTROMEDIKAL DAN ELEKTROTERAPI;C
26710;INDUSTRI PERALATAN FOTOGRAFI;C
26791;INDUSTRI KAMERA CINEMATOGRAFI PROYEKTOR DAN PERLENGKAPANNYA;C
26792;INDUSTRI TEROPONG DAN INSTRUMEN OPTIK BUKAN KACA MATA;C
26800;INDUSTRI MEDIA MAGNETIK DAN MEDIA OPTIK;C
27111;INDUSTRI MOTOR LISTRIK;C
27112;INDUSTRI MESIN PEMBANGKIT LISTRIK;C
27113;INDUSTRI PENGUBAH TEGANGAN (TRANSFORMATOR), PENGUBAH ARUS (RECTIFIER) DAN;C
27120;INDUSTRI PERALATAN PENGONTROL DAN PENDISTRIBUSIAN LISTRIK;C
27201;INDUSTRI BATU BATERAI KERING (BATU BATERAI PRIMER);C
27202;INDUSTRI AKUMULATOR LISTRIK (BATU BATERAI SEKUNDER);C
27310;INDUSTRI KABEL SERAT OPTIK;C
27320;INDUSTRI KABEL LISTRIK DAN ELEKTRONIK LAINNYA;C
27330;INDUSTRI PERLENGKAPAN KABEL;C
27401;INDUSTRI BOLA LAMPU PIJAR, LAMPU PENERANGAN TERPUSAT DAN LAMPU ULTRA VIOLET;C
27402;INDUSTRI LAMPU TABUNG GAS (LAMPU PEMBUANG LISTRIK);C
27403;INDUSTRI PERALATAN PENERANGAN UNTUK ALAT TRANSPORTASI;C
27409;INDUSTRI PERALATAN PENERANGAN LAINNYA;C
27510;INDUSTRI PERALATAN LISTRIK RUMAH TANGGA;C
27520;INDUSTRI PERALATAN ELEKTROTERMAL RUMAH TANGGA;C
27530;INDUSTRI PERALATAN PEMANAS DAN MASAK BUKAN LISTRIK RUMAH TANGGA;C
27900;INDUSTRI PERALATAN LISTRIK LAINNYA;C
28111;INDUSTRI MESIN UAP, TURBIN DAN KINCIR;C
28112;INDUSTRI MOTOR PEMBAKARAN DALAM;C
28113;INDUSTRI KOMPONEN DAN SUKU CADANG MESIN DAN TURBIN;C
28120;INDUSTRI PERALATAN TENAGA ZAT CAIR DAN GAS;C
28130;INDUSTRI POMPA LAINNYA, KOMPRESOR, KRAN DAN KLEP/KATUP;C
28140;INDUSTRI BEARING, RODA GIGI DAN ELEMEN PENGGERAK MESIN;C
28151;INDUSTRI INDUSTRI OVEN, PERAPIAN DAN TUNGKUPEMBAKAR SEJENIS YANG TIDAK MENGGUNAKAN ARUS LISTRIK;C
28152;INDUSTRI OVEN, PERAPIAN DAN TUNGKU PEMBAKAR SEJENIS YANG MENGGUNAKAN ARUS LISTRIK;C
28160;INDUSTRI ALAT PENGANGKAT DAN PEMINDAH;C
28171;INDUSTRI MESIN KANTOR DAN AKUNTANSI MANUAL;C
28172;INDUSTRI MESIN KANTOR DAN AKUNTANSI ELEKTRIK;C
28173;INDUSTRI MESIN KANTOR DAN AKUNTANSI ELEKTRONIK;C
28174;INDUSTRI MESIN FOTOCOPI;C
28179;INDUSTRI MESIN DAN PERALATAN KANTOR LAINNYA;C
28180;INDUSTRI PERKAKAS TANGAN YANG DIGERAKKAN TENAGA;C
28191;INDUSTRI MESIN UNTUK PEMBUNGKUS, PEMBOTOLAN DAN PENGALENGAN;C
28192;INDUSTRI MESIN TIMBANGAN;C
28193;INDUSTRI MESIN PENDINGIN;C
28199;INDUSTRI MESIN UNTUK KEPERLUAN UMUM LAINNYA YTDL;C
28210;INDUSTRI MESIN PERTANIAN DAN KEHUTANAN;C
28221;INDUSTRI MESIN DAN PERKAKAS MESIN UNTUK PENGERJAAN LOGAM;C
28222;INDUSTRI MESIN DAN PERKAKAS MESIN UNTUK PENGERJAAN KAYU;C
28223;INDUSTRI MESIN DAN PERKAKAS MESIN UNTUK PENGERJAAN BAHAN BUKAN LOGAM DAN KAYU;C
28224;INDUSTRI MESIN DAN PERKAKAS MESIN UNTUK PENGELASAN YANG MENGGUNAKAN ARUS LISTRIK;C
28230;INDUSTRI MESIN METALURGI;C
28240;INDUSTRI MESIN PENAMBANGAN, PENGGALIAN DAN KONSTRUKSI;C
28250;INDUSTRI MESIN PENGOLAHAN MAKANAN, MINUMAN DAN TEMBAKAU;C
28261;INDUSTRI KABINET MESIN JAHIT;C
28262;INDUSTRI MESIN JAHIT SERTA MESIN CUCI DAN MESIN PENGERING UNTUK KEPERLUAN NIAGA;C
28263;INDUSTRI MESIN TEKSTIL;C
28264;INDUSTRI JARUM MESIN JAHIT, RAJUT, BORDIR DAN SEJENISNYA;C
28265;INDUSTRI MESIN PENYIAPAN DAN PEMBUATAN PRODUK KULIT;C
28291;INDUSTRI MESIN PERCETAKAN;C
28292;INDUSTRI MESIN PABRIK KERTAS;C
28299;INDUSTRI MESIN KEPERLUAN KHUSUS LAINNYA YTDL;C
29100;INDUSTRI KENDARAAN BERMOTOR RODA EMPAT ATAU LEBIH;C
29200;INDUSTRI KAROSERI KENDARAAN BERMOTOR RODA EMPAT ATAU LEBIH DAN INDUSTRI TRAILER DAN SEMI TRAILER;C
29300;INDUSTRI SUKU CADANG DAN AKSESORI KENDARAAN BERMOTOR RODA EMPAT ATAU LEBIH;C
30111;INDUSTRI KAPAL DAN PERAHU;C
30112;INDUSTRI BANGUNAN LEPAS PANTAI DAN BANGUNAN TERAPUNG;C
30113;INDUSTRI PERALATAN, PERLENGKAPAN DAN BAGIAN KAPAL;C
30120;INDUSTRI PEMBUATAN KAPAL PESIAR DAN PERAHU UNTUK OLAHRAGA;C
30200;INDUSTRI LOKOMOTIF DAN GERBONG KERETA;C
30300;INDUSTRI PESAWAT TERBANG DAN PERLENGKAPANNYA;C
30400;INDUSTRI KENDARAAN PERANG;C
30911;INDUSTRI SEPEDA MOTOR RODA DUA DAN TIGA;C
30912;INDUSTRI KOMPONEN DAN PERLENGKAPAN SEPEDA MOTOR RODA DUA DAN TIGA;C
30921;INDUSTRI SEPEDA DAN KURSI RODA TERMASUK BECAK;C
30922;INDUSTRI PERLENGKAPAN SEPEDA DAN KURSI RODA TERMASUK BECAK;C
30990;INDUSTRI ALAT ANGKUTAN LAINNYA YTDL;C
31001;INDUSTRI FURNITUR DARI KAYU;C
31002;INDUSTRI FURNITUR DARI ROTAN DAN ATAU BAMBU;C
31003;INDUSTRI FURNITUR DARI PLASTIK;C
31004;INDUSTRI FURNITUR DARI LOGAM;C
31009;INDUSTRI FURNITUR LAINNYA;C
32111;INDUSTRI PERMATA;C
32112;INDUSTRI BARANG PERHIASAN DARI LOGAM MULIA UNTUK KEPERLUAN PRIBADI;C
32113;INDUSTRI BARANG PERHIASAN DARI LOGAM MULIA BUKAN UNTUK KEPERLUAN PRIBADI;C
32114;INDUSTRI BARANG DARI LOGAM MULIA UNTUK KEPERLUAN TEKNIK DAN ATAU LABORATORIUM;C
32115;INDUSTRI PERHIASAN MUTIARA;C
32119;INDUSTRI BARANG LAINNYA DARI LOGAM MULIA;C
32120;INDUSTRI PERHIASAN IMITASI DAN BARANG SEJENIS;C
32201;INDUSTRI ALAT MUSIK TRADISIONAL;C
32202;INDUSTRI ALAT MUSIK BUKAN TRADISIONAL;C
32300;INDUSTRI ALAT OLAHRAGA;C
32401;INDUSTRI ALAT PERMAINAN;C
32402;INDUSTRI MAINAN ANAK-ANAK;C
32501;INDUSTRI FURNITUR UNTUK OPERASI, PERAWATAN KEDOKTERAN DAN KEDOKTERAN GIGI;C
32502;INDUSTRI PERALATAN KEDOKTERAN DAN KEDOKTERAN GIGI, PERLENGKAPAN ORTHOPAEDIC DAN PROSTHETIC;C
32503;INDUSTRI KACA MATA;C
32509;INDUSTRI PERALATAN KEDOKTERAN DAN KEDOKTERAN GIGI SERTA PERLENGKAPAN LAINNYA;C
32901;INDUSTRI ALAT TULIS DAN GAMBAR TERMASUK PERLENGKAPANNYA;C
32902;INDUSTRI PITA MESIN TULIS/GAMBAR;C
32903;INDUSTRI KERAJINAN YTDL;C
32904;INDUSTRI PERALATAN UNTUK PELINDUNG KESELAMATAN;C
32905;INDUSTRI DARI SABUT KELAPA;C
32909;INDUSTRI PENGOLAHAN LAINNYA YTDL;C
33111;JASA REPARASI PRODUK LOGAM SIAP PASANG UNTUK BANGUNAN, TANGKI, TANDON AIR DAN GENERATOR UAP;C
33112;JASA REPARASI PRODUK SENJATA DAN AMUNISI;C
33119;JASA REPARASI PRODUK LOGAM PABRIKASI LAINNYA;C
33121;JASA REPARASI MESIN UNTUK KEPERLUAN UMUM;C
33122;JASA REPARASI MESIN UNTUK KEPERLUAN KHUSUS;C
33131;JASA REPARASI ALAT UKUR, ALAT UJI DAN PERALATAN NAVIGASI DAN PENGONTROL;C
33132;JASA REPARASI PERALATAN IRRADIASI, ELEKTROMEDIS DAN ELEKTROTHERAPI;C
33133;JASA REPARASI PERALATAN FOTOGRAFI DAN OPTIK;C
33141;JASA REPARASI MOTOR LISTRIK, GENERATOR DAN TRANSFORMATOR;C
33142;JASA REPARASI BATERAI DAN AKUMULATOR LISTRIK;C
33149;JASA REPARASI PERALATAN LISTRIK LAINNYA;C
33151;JASA REPARASI KAPAL, PERAHU DAN BANGUNAN TERAPUNG;C
33152;JASA REPARASI LOKOMOTIF DAN GERBONG KERETA;C
33153;JASA REPARASI PESAWAT TERBANG;C
33159;JASA REPARASI ALAT ANGKUTAN LAINNYA, BUKAN KENDARAAN BERMOTOR;C
33190;JASA REPARASI PERALATAN LAINNYA;C
33200;JASA PEMASANGAN MESIN DAN PERALATAN INDUSTRI;C
35101;PEMBANGKITAN TENAGA LISTRIK;D
35102;TRANSMISI TENAGA LISTRIK;D
35103;DISTRIBUSI TENAGA LISTRIK;D
35104;JASA PENUNJANG KELISTRIKAN;D
35201;PENGADAAN GAS ALAM DAN BUATAN;D
35202;DISTRIBUSI GAS ALAM DAN BUATAN;D
35301;PENGADAAN UAP/AIR PANAS DAN UDARA DINGIN;D
35302;PRODUKSI ES;D
36001;PENAMPUNGAN, PENJERNIHAN DAN PENYALURAN AIR MINUM;E
36002;PENAMPUNGAN DAN PENYALURAN AIR BAKU;E
36003;JASA PENUNJANG PENGADAAN AIR;E
37000;PENGELOLAAN LIMBAH;E
38110;PENGUMPULAN SAMPAH YANG TIDAK BERBAHAYA;E
38120;PENGUMPULAN SAMPAH YANG BERBAHAYA;E
38211;PENGELOLAAN DAN PEMBUANGAN SAMPAH YANG TIDAK BERBAHAYA;E
38212;PRODUKSI KOMPOS SAMPAH ORGANIK;E
38220;PENGELOLAAN DAN PEMBUANGAN SAMPAH YANG BERBAHAYA;E
38301;DAUR ULANG BARANG LOGAM;E
38302;DAUR ULANG BARANG BUKAN LOGAM;E
38303;PEMOTONGAN KAPAL (SHIP BREAKING);E
39000;JASA PEMBERSIHAN DAN PENGELOLAAN SAMPAH LAINNYA;E
41011;KONSTRUKSI GEDUNG TEMPAT TINGGAL;F
41012;KONSTRUKSI GEDUNG PERKANTORAN;F
41013;KONSTRUKSI GEDUNG INDUSTRI;F
41014;KONSTRUKSI GEDUNG PERBELANJAAN;F
41015;KONSTRUKSI GEDUNG KESEHATAN;F
41016;KONSTRUKSI GEDUNG PENDIDIKAN;F
41017;KONSTRUKSI GEDUNG PENGINAPAN;F
41018;KONSTRUKSI GEDUNG TEMPAT HIBURAN;F
41019;KONSTRUKSI GEDUNG LAINNYA;F
41020;PEMASANGAN BANGUNAN KONSTRUKSI PRAFABRIKASI UNTUK KONSTRUKSI GEDUNG;F
42111;KONSTRUKSI JALAN RAYA;F
42112;KONSTRUKSI JEMBATAN DAN JALAN LAYANG;F
42113;KONSTRUKSI LANDASAN PACU PESAWAT TERBANG;F
42114;KONSTRUKSI JALAN KERETA API DAN JEMBATAN KERETA API;F
42115;KONSTRUKSI TEROWONGAN;F
42120;PEMASANGAN BANGUNAN KONSTRUKSI PRAFABRIKASI UNTUK KONSTRUKSI JALAN DAN REL KERETA API;F
42211;KONSTRUKSI JARINGAN SALURAN IRIGASI;F
42212;KONSTRUKSI BANGUNAN PENGOLAHAN, PENYALURAN DAN PENAMPUNGAN AIR MINUM, AIR LIMBAH DAN DRAINASE;F
42213;KONSTRUKSI BANGUNAN ELEKTRIKAL;F
42214;KONSTRUKSI TELEKOMUNIKASI SARANA BANTU NAVIGASI LAUT DAN RAMBU SUNGAI;F
42215;KONSTRUKSI TELEKOMUNIKASI NAVIGASI UDARA;F
42216;KONSTRUKSI SINYAL DAN TELEKOMUNIKASI KERETA API;F
42217;KONSTRUKSI SENTRAL TELEKOMUNIKASI;F
42218;PEMBUATAN/PENGEBORAN SUMUR AIR TANAH;F
42219;KONSTRUKSI JARINGAN SALURAN ELEKTRIKAL DAN TELEKOMUNIKASI LAINNYA;F
42220;PEMASANGAN BANGUNAN KONSTRUKSI PRAFABRIKASI UNTUK KONSTRUKSI JARINGAN SALURAN IRIGASI, KOMUNIKASI DAN LIMBAH;F
42911;KONSTRUKSI BANGUNAN PRASARANA SUMBER DAYA AIR;F
42912;KONSTRUKSI BANGUNAN PELABUHAN BUKAN PERIKANAN;F
42913;KONSTRUKSI BANGUNAN PELABUHAN PERIKANAN;F
42914;KONSTRUKSI BANGUNAN PENGOLAHAN DAN PENAMPUNGAN BARANG MINYAK DAN GAS;F
42915;PENGERUKAN;F
42919;KONSTRUKSI BANGUNAN SIPIL LAINNYA YTDL;F
42920;PEMASANGAN BANGUNAN KONSTRUKSI PRAFABRIKASI UNTUK KONSTRUKSI BANGUNAN SIPIL LAINNYA;F
43110;PEMBONGKARAN;F
43120;PENYIAPAN LAHAN;F
43211;INSTALASI LISTRIK;F
43212;INSTALASI TELEKOMUNIKASI;F
43213;INSTALASI NAVIGASI LAUT DAN SUNGAI;F
43214;INSTALASI NAVIGASI UDARA;F
43215;INSTALASI SINYAL DAN TELEKOMUNIKASI KERETA API;F
43216;INSTALASI SINYAL DAN RAMBU-RAMBU JALAN RAYA;F
43217;INSTALASI ELEKTRONIKA;F
43221;INSTALASI AIR (PIPA);F
43222;INSTALASI PEMANAS DAN GEOTERMAL;F
43223;INSTALASI MINYAK DAN GAS;F
43224;INSTALASI PENDINGIN DAN VENTILASI UDARA;F
43291;INSTALASI MEKANIKAL;F
43292;INSTALASI METEOROLOGI, KLIMATOLOGI DAN GEOFISIKA;F
43299;INSTALASI KONSTRUKSI LAINNYA YTDL;F
43301;PENGERJAAN PEMASANGAN KACA DAN ALUMUNIUM;F
43302;PENGERJAAN LANTAI, DINDING, PERALATAN SANITER DAN PLAFON;F
43303;PENGECATAN;F
43304;DEKORASI INTERIOR;F
43305;DEKORASI EKSTERIOR;F
43309;PENYELESAIAN KONSTRUKSI BANGUNAN LAINNYA;F
43901;PEMASANGAN PONDASI DAN PILAR;F
43902;PEMASANGAN PERANCAH (STEIGER);F
43903;PEMASANGAN ATAP/ROOF COVERING;F
43904;PEMASANGAN KERANGKA BAJA;F
43905;PENYEWAAN ALAT KONSTRUKSI DENGAN OPERATOR;F
43909;KONSTRUKSI KHUSUS LAINNYA YTDL;F
45101;PERDAGANGAN BESAR MOBIL BARU;G
45102;PERDAGANGAN BESAR MOBIL BEKAS;G
45103;PERDAGANGAN ECERAN MOBIL BARU;G
45104;PERDAGANGAN ECERAN MOBIL BEKAS;G
45201;REPARASI MOBIL;G
45202;PENCUCIAN DAN SALON MOBIL;G
45301;PERDAGANGAN BESAR SUKU CADANG DAN AKSESORI MOBIL;G
45302;PERDAGANGAN ECERAN SUKU CADANG DAN AKSESORI MOBIL;G
45401;PERDAGANGAN BESAR SEPEDA MOTOR BARU;G
45402;PERDAGANGAN BESAR SEPEDA MOTOR BEKAS;G
45403;PERDAGANGAN ECERAN SEPEDA MOTOR BARU;G
45404;PERDAGANGAN ECERAN SEPEDA MOTOR BEKAS;G
45405;PERDAGANGAN BESAR SUKU CADANG SEPEDA MOTOR DAN AKSESORINYA;G
45406;PERDAGANGAN ECERAN SUKU CADANG SEPEDA MOTOR DAN AKSESORINYA;G
45407;REPARASI DAN PERAWATAN SEPEDA MOTOR;G
46100;PERDAGANGAN BESAR ATAS DASAR BALAS JASA (FEE) ATAU KONTRAK;G
46201;PERDAGANGAN BESAR PADI DAN PALAWIJA;G
46202;PERDAGANGAN BESAR BUAH YANG MENGANDUNG MINYAK;G
46203;PERDAGANGAN BESAR BUNGA DAN TUMBUHAN;G
46204;PERDAGANGAN BESAR TEMBAKAU RAJANGAN;G
46205;PERDAGANGAN BESAR BINATANG HIDUP;G
46206;PERDAGANGAN BESAR HASIL PERIKANAN;G
46207;PERDAGANGAN BESAR HASIL KEHUTANAN DAN PERBURUAN;G
46208;PERDAGANGAN BESAR KULIT DAN KULIT JANGAT;G
46209;PERDAGANGAN BESAR HASIL PERTANIAN DAN HEWAN HIDUP LAINNYA;G
46311;PERDAGANGAN BESAR BERAS;G
46312;PERDAGANGAN BESAR BUAH-BUAHAN;G
46313;PERDAGANGAN BESAR SAYURAN;G
46314;PERDAGANGAN BESAR KOPI, TEH DAN KAKAO;G
46315;PERDAGANGAN BESAR MINYAK DAN LEMAK NABATI;G
46319;PERDAGANGAN BESAR BAHAN MAKANAN DAN MINUMAN HASIL PERTANIAN LAINNYA;G
46321;PERDAGANGAN BESAR DAGING SAPI DAN DAGING SAPI OLAHAN;G
46322;PERDAGANGAN BESAR DAGING AYAM DAN DAGING AYAM OLAHAN;G
46323;PERDAGANGAN BESAR DAGING DAN DAGING OLAHAN LAINNYA;G
46324;PERDAGANGAN BESAR HASIL OLAHAN PERIKANAN;G
46325;PERDAGANGAN BESAR TELUR DAN HASIL OLAHAN TELUR;G
46326;PERDAGANGAN BESAR SUSU DAN PRODUK SUSU;G
46327;PERDAGANGAN BESAR MINYAK DAN LEMAK HEWANI;G
46331;PERDAGANGAN BESAR GULA, COKLAT DAN KEMBANG GULA;G
46332;PERDAGANGAN BESAR PRODUK ROTI;G
46333;PERDAGANGAN BESAR MINUMAN BERALKOHOL;G
46334;PERDAGANGAN BESAR MINUMAN NON ALKOHOL BUKAN SUSU;G
46335;PERDAGANGAN BESAR ROKOK DAN TEMBAKAU;G
46339;PERDAGANGAN BESAR MAKANAN DAN MINUMAN LAINNYA;G
46411;PERDAGANGAN BESAR TEKSTIL;G
46412;PERDAGANGAN BESAR PAKAIAN;G
46413;PERDAGANGAN BESAR ALAS KAKI;G
46414;PERDAGANGAN BESAR BARANG LAINNYA DARI TEKSTIL;G
46419;PERDAGANGAN BESAR TEKSTIL, PAKAIAN DAN ALAS KAKI LAINNYA;G
46421;PERDAGANGAN BESAR ALAT TULIS DAN GAMBAR;G
46422;PERDAGANGAN BESAR BARANG PERCETAKAN DAN PENERBITAN DALAM BERBAGAI BENTUK;G
46430;PERDAGANGAN BESAR ALAT FOROGRAFI DAN BARANG OPTIK;G
46491;PERDAGANGAN BESAR PERALATAN DAN PERLENGKAPAN RUMAH TANGGA;G
46492;PERDAGANGAN BESAR FARMASI;G
46493;PERDAGANGAN BESAR OBAT TRADISIONAL;G
46494;PERDAGANGAN BESAR KOSMETIK;G
46495;PERDAGANGAN BESAR ALAT OLAHRAGA;G
46496;PERDAGANGAN BESAR ALAT MUSIK;G
46497;PERDAGANGAN BESAR PERHIASAN DAN JAM;G
46498;PERDAGANGAN BESAR ALAT PERMAINAN DAN MAINAN ANAK- ANAK;G
46499;PERDAGANGAN BESAR BERBAGAI BARANG DAN PERLENGKAPAN RUMAH TANGGA LAINNYA YTDL;G
46511;PERDAGANGAN BESAR KOMPUTER DAN PERLENGKAPAN KOMPUTER;G
46512;PERDAGANGAN BESAR PIRANTI LUNAK;G
46521;PERDAGANGAN BESAR PERLENGKAPAN ELEKTRONIK;G
46522;PERDAGANGAN BESAR DISKET, PITA AUDIO DAN VIDEO, CD DAN DVD KOSONG;G
46523;PERDAGANGAN BESAR PERALATAN TELEKOMUNIKASI;G
46530;PERDAGANGAN BESAR MESIN, PERALATAN DAN PERLENGKAPAN PERTANIAN;G
46591;PERDAGANGAN BESAR MESIN KANTOR DAN INDUSTRI, SUKU CADANG DAN PERLENGKAPANNYA;G
46592;PERDAGANGAN BESAR ALAT TRANSPORTASI LAUT, SUKU CADANG DAN PERLENGKAPANNYA;G
46593;PERDAGANGAN BESAR ALAT TRANSPORTASI DARAT (BUKAN MOBIL, SEPEDA MOTOR, DAN SEJENISNYA), SUKU CADANG DAN PERLENGKAPANNYA;G
46594;PERDAGANGAN BESAR ALAT TRANSPORTASI UDARA, SUKU CADANG DAN PERLENGKAPANNYA;G
46599;PERDAGANGAN BESAR MESIN, PERALATAN DAN PERLENGKAPAN LAINNYA;G
46610;PERDAGANGAN BESAR BAHAN BAKAR PADAT, CAIR DAN GAS DAN PRODUK YBDI;G
46620;PERDAGANGAN BESAR LOGAM DAN BIJIH LOGAM;G
46631;PERDAGANGAN BESAR BARANG LOGAM UNTUK BAHAN KONSTRUKSI;G
46632;PERDAGANGAN BESAR KACA;G
46633;PERDAGANGAN BESAR GENTENG, BATU BATA, UBIN DAN SEJENISNYA DARI TANAH LIAT, KAPUR, SEMEN ATAU KACA;G
46634;PERDAGANGAN BESAR SEMEN, KAPUR, PASIR DAN BATU;G
46635;PERDAGANGAN BESAR BAHAN KONSTRUKSI DARI PORSELEN;G
46636;PERDAGANGAN BESAR BAHAN KONSTRUKSI DARI KAYU;G
46637;PERDAGANGAN BESAR CAT;G
46638;PERDAGANGAN BESAR BERBAGAI MACAM MATERIAL BANGUNAN;G
46639;PERDAGANGAN BESAR BAHAN KONSTRUKSI LAINNYA;G
46691;PERDAGANGAN BESAR BAHAN DAN BARANG KIMIA DASAR;G
46692;PERDAGANGAN BESAR PUPUK DAN PRODUK AGROKIMIA;G
46693;PERDAGANGAN BESAR ALAT LABORATORIUM, FARMASI DAN KEDOKTERAN;G
46694;PERDAGANGAN BESAR KARET DAN PLASTIK DALAM BENTUK DASAR;G
46695;PERDAGANGAN BESAR KERTAS DAN KARTON;G
46696;PERDAGANGAN BESAR BARANG DARI KERTAS DAN KARTON;G
46697;PERDAGANGAN BESAR BARANG BEKAS DAN SISA-SISA TAK TERPAKAI (SCRAP);G
46699;PERDAGANGAN BESAR PRODUK LAINNYA TERMASUK BARANG SISA DAN POTONGAN YTDL PERDAGANGAN BESAR BERBAGAI MACAM BARANG;G
46900;PERDAGANGAN BESAR BERBAGAI MACAM BARANG PERDAGANGAN ECERAN, BUKAN MOBIL DAN MOTOR;G
47111;PERDAGANGAN ECERAN BERBAGAI MACAM BARANG YANG UTAMANYA MAKANAN, MINUMAN ATAU TEMBAKAU DI SUPERMARKET/MINIMARKET;G
47112;PERDAGANGAN ECERAN BERBAGAI MACAM BARANG YANG UTAMANYA MAKANAN, MINUMAN ATAU TEMBAKAU BUKAN DI SUPERMARKET/MINIMARKET (TRADISIONAL);G
47191;PERDAGANGAN ECERAN BERBAGAI MACAM BARANG YANG UTAMANYA BUKAN MAKANAN, MINUMAN ATAU TEMBAKAU DI TOSERBA (DEPARTMENT STORE);G
47192;PERDAGANGAN ECERAN BERBAGAI MACAM BARANG YANG UTAMANYA BUKAN MAKANAN, MINUMAN ATAU TEMBAKAU (BARANG-BARANG KELONTONG) BUKAN DI TOSERBA (DEPARTMENT STORE);G
47211;PERDAGANGAN ECERAN PADI DAN PALAWIJA;G
47212;PERDAGANGAN ECERAN BUAH-BUAHAN;G
47213;PERDAGANGAN ECERAN SAYURAN;G
47214;PERDAGANGAN ECERAN HASIL PETERNAKAN;G
47215;PERDAGANGAN ECERAN HASIL PERIKANAN;G
47216;PERDAGANGAN ECERAN HASIL KEHUTANAN DAN PERBURUAN;G
47219;PERDAGANGAN ECERAN HASIL PERTANIAN LAINNYA;G
47221;PERDAGANGAN ECERAN MINUMAN BERALKOHOL;G
47222;PERDAGANGAN ECERAN MINUMAN TIDAK BERALKOHOL;G
47230;PERDAGANGAN ECERAN KHUSUS ROKOK DAN TEMBAKAU DI TOKO;G
47241;PERDAGANGAN ECERAN BERAS;G
47242;PERDAGANGAN ECERAN ROTI, KUE KERING, SERTA KUE BASAH DAN SEJENISNYA;G
47243;PERDAGANGAN ECERAN KOPI, GULA PASIR DAN GULA MERAH;G
47244;PERDAGANGAN ECERAN TAHU, TEMPE, TAUCO DAN ONCOM;G
47245;PERDAGANGAN ECERAN DAGING DAN IKAN OLAHAN;G
47249;PERDAGANGAN ECERAN MAKANAN LAINNYA;G
47301;PERDAGANGAN ECERAN BAHAN BAKAR KENDARAAN DI SPBU;G
47302;PERDAGANGAN ECERAN PREMIUM, PREMIX DAN SOLAR DI TOKO;G
47303;PERDAGANGAN ECERAN MINYAK PELUMAS DI TOKO;G
47411;PERDAGANGAN ECERAN KOMPUTER DAN PERLENGKAPANNYA;G
47412;PERDAGANGAN ECERAN PERALATAN VIDEO GAME DAN SEJENISNYA;G
47413;PERDAGANGAN ECERAN PIRANTI LUNAK (SOFTWARE);G
47414;PERDAGANGAN ECERAN ALAT TELEKOMUNIKASI;G
47415;PERDAGANGAN ECERAN MESIN KANTOR;G
47420;PERDAGANGAN ECERAN KHUSUS PERALATAN AUDIO DAN VIDEO DI TOKO;G
47511;PERDAGANGAN ECERAN TEKSTIL;G
47512;PERDAGANGAN ECERAN PERLENGKAPAN RUMAH TANGGA DARI TEKSTIL;G
47513;PERDAGANGAN ECERAN PERLENGKAPAN JAHIT MENJAHIT;G
47521;PERDAGANGAN ECERAN BARANG LOGAM UNTUK BAHAN KONSTRUKSI;G
47522;PERDAGANGAN ECERAN KACA;G
47523;PERDAGANGAN ECERAN GENTENG, BATU BATA, UBIN DAN SEJENISNYA DARI TANAH LIAT, KAPUR, SEMEN ATAU KACA;G
47524;PERDAGANGAN ECERAN SEMEN, KAPUR, PASIR DAN BATU;G
47525;PERDAGANGAN ECERAN BAHAN KONSTRUKSI DARI PORSELEN;G
47526;PERDAGANGAN ECERAN BAHAN KONSTRUKSI DARI KAYU;G
47527;PERDAGANGAN ECERAN CAT, PERNIS DAN LAK;G
47528;PERDAGANGAN ECERAN BERBAGAI MACAM MATERIAL BANGUNAN;G
47529;PERDAGANGAN ECERAN BAHAN DAN BARANG KONSTRUKSI LAINNYA;G
47530;PERDAGANGAN ECERAN KHUSUS KARPET, PERMADANI DAN PENUTUP DINDING DAN LANTAI DI TOKO;G
47591;PERDAGANGAN ECERAN FURNITUR;G
47592;PERDAGANGAN ECERAN PERALATAN LISTRIK RUMAH TANGGA DAN PERALATAN PENERANGAN DAN PERLENGKAPANNYA;G
47593;PERDAGANGAN ECERAN BARANG PECAH BELAH DAN PERLENGKAPAN DAPUR DARI PLASTIK;G
47594;PERDAGANGAN ECERAN BARANG PECAH BELAH DAN PERLENGKAPAN DAPUR DARI BATU ATAU TANAH LIAT;G
47595;PERDAGANGAN ECERAN BARANG PECAH BELAH DAN PERLENGKAPAN DAPUR DARI KAYU, BAMBU ATAU ROTAN;G
47596;PERDAGANGAN ECERAN BARANG PECAH BELAH DAN PERLENGKAPAN DAPUR BUKAN DARI PLASTIK, BATU, TANAH LIAT, KAYU, BAMBU ATAU ROTAN;G
47597;PERDAGANGAN ECERAN ALAT MUSIK;G
47599;PERDAGANGAN ECERAN PERALATAN DAN PERLENGKAPAN RUMAH TANGGA LAINNYA DALAM SUBGOLONGAN 4759;G
47611;PERDAGANGAN ECERAN ALAT TULIS MENULIS DAN GAMBAR;G
47612;PERDAGANGAN ECERAN HASIL PENCETAKAN DAN PENERBITAN;G
47620;PERDAGANGAN ECERAN KHUSUS REKAMAN MUSIK DAN VIDEO DI TOKO;G
47630;PERDAGANGAN ECERAN KHUSUS PERALATAN OLAHRAGA DI TOKO;G
47640;PERDAGANGAN ECERAN KHUSUS ALAT PERMAINAN DAN MAINAN ANAK-ANAK DI TOKO;G
47650;PERDAGANGAN ECERAN KERTAS, KERTAS KARTON DAN BARANG DARI KERTAS/KARTON;G
47711;PERDAGANGAN ECERAN PAKAIAN;G
47712;PERDAGANGAN ECERAN SEPATU, SANDAL DAN ALAS KAKI LAINNYA;G
47713;PERDAGANGAN ECERAN PELENGKAP PAKAIAN;G
47714;PERDAGANGAN ECERAN TAS, DOMPET, KOPER, RANSEL DAN SEJENISNYA;G
47721;PERDAGANGAN ECERAN BAHAN KIMIA;G
47722;PERDAGANGAN ECERAN BARANG FARMASI DI APOTIK;G
47723;PERDAGANGAN ECERAN BARANG FARMASI BUKAN DI APOTIK;G
47724;PERDAGANGAN ECERAN OBAT TRADISIONAL;G
47725;PERDAGANGAN ECERAN KOSMETIK;G
47726;PERDAGANGAN ECERAN ALAT LABORATORIUM, FARMASI DAN KESEHATAN;G
47727;PERDAGANGAN ECERAN AROMATIK/PENYEGAR (MINYAK ATSIRI);G
47729;PERDAGANGAN ECERAN LAINNYA BUKAN YANG TERCAKUP PADA KELOMPOK 47721 S.D. 47727;G
47731;PERDAGANGAN ECERAN ALAT FOTOGRAFI DAN PERLENGKAPANNYA;G
47732;PERDAGANGAN ECERAN ALAT OPTIK DAN PERLENGKAPANNYA;G
47733;PERDAGANGAN ECERAN KACA MATA;G
47734;PERDAGANGAN ECERAN JAM;G
47735;PERDAGANGAN ECERAN BARANG PERHIASAN;G
47736;PERDAGANGAN ECERAN PERLENGKAPAN PENGENDARA KENDARAAN BERMOTOR;G
47737;PERDAGANGAN ECERAN PEMBUNGKUS DARI PLASTIK;G
47739;PERDAGANGAN ECERAN KHUSUS BARANG BARU LAINNYA YTDL;G
47741;PERDAGANGAN ECERAN BARANG BEKAS PERLENGKAPAN RUMAH TANGGA;G
47742;PERDAGANGAN ECERAN PAKAIAN, ALAS KAKI DAN PELENGKAP PAKAIAN BEKAS;G
47743;PERDAGANGAN ECERAN BARANG PERLENGKAPAN PRIBADI BEKAS;G
47744;PERDAGANGAN ECERAN BARANG LISTRIK DAN ELEKTRONIK BEKAS;G
47745;PERDAGANGAN ECERAN BAHAN KONSTRUKSI DAN SANITASI BEKAS;G
47746;PERDAGANGAN ECERAN BARANG ANTIK;G
47749;PERDAGANGAN ECERAN BARANG BEKAS LAINNYA;G
47751;PERDAGANGAN ECERAN HEWAN PIARAAN (PET ANIMALS);G
47752;PERDAGANGAN ECERAN HEWAN TERNAK;G
47753;PERDAGANGAN ECERAN IKAN HIAS;G
47754;PERDAGANGAN ECERAN PAKAN TERNAK/UNGGAS/IKAN DAN HEWAN PIARAAN;G
47761;PERDAGANGAN ECERAN BUNGA POTONG/FLORIST;G
47762;PERDAGANGAN ECERAN TANAMAN HIAS, BIBIT BUAH-BUAHAN DAN TANAMAN OBAT;G
47763;PERDAGANGAN ECERAN PUPUK DAN PEMBERANTAS HAMA;G
47764;PERDAGANGAN ECERAN PERLENGKAPAN DAN MEDIA TANAMAN HIAS;G
47771;PERDAGANGAN ECERAN MINYAK TANAH;G
47772;PERDAGANGAN ECERAN GAS ELPIJI;G
47779;PERDAGANGAN ECERAN BAHAN BAKAR LAINNYA;G
47781;PERDAGANGAN ECERAN BARANG KERAJINAN DARI KAYU, BAMBU, ROTAN, PANDAN, RUMPUT DAN SEJENISNYA;G
47782;PERDAGANGAN ECERAN BARANG KERAJINAN DARI KULIT, TULANG, TANDUK, GADING, BULU DAN BINATANG/HEWAN YANG DIAWETKAN;G
47783;PERDAGANGAN ECERAN BARANG KERAJINAN DARI LOGAM;G
47784;PERDAGANGAN ECERAN BARANG KERAJINAN DARI KERAMIK;G
47785;PERDAGANGAN ECERAN LUKISAN;G
47789;PERDAGANGAN ECERAN BARANG KERAJINAN DAN LUKISAN LAINNYA;G
47791;PERDAGANGAN ECERAN MESIN PERTANIAN DAN PERLENGKAPANNYA;G
47792;PERDAGANGAN ECERAN MESIN JAHIT DAN PERLENGKAPANNYA;G
47793;PERDAGANGAN ECERAN MESIN LAINNYA DAN PERLENGKAPANNYA;G
47794;PERDAGANGAN ECERAN ALAT TRANSPORTASI DARAT TIDAK BERMOTOR DAN PERLENGKAPANNYA;G
47795;PERDAGANGAN ECERAN ALAT TRANSPORTASI AIR DAN PERLENGKAPANNYA;G
47796;PERDAGANGAN ECERAN ALAT-ALAT PERTANIAN;G
47797;PERDAGANGAN ECERAN ALAT-ALAT PERTUKANGAN;G
47811;PERDAGANGAN ECERAN KAKI LIMA DAN LOS PASAR KOMODITI PADI DAN PALAWIJA;G
47812;PERDAGANGAN ECERAN KAKI LIMA DAN LOS PASAR KOMODITI BUAH-BUAHAN;G
47813;PERDAGANGAN ECERAN KAKI LIMA DAN LOS PASAR KOMODITI SAYUR-SAYURAN;G
47814;PERDAGANGAN ECERAN KAKI LIMA DAN LOS PASAR KOMODITI HASIL PETERNAKAN;G
47815;PERDAGANGAN ECERAN KAKI LIMA DAN LOS PASAR KOMODITI HASIL PERIKANAN;G
47816;PERDAGANGAN ECERAN KAKI LIMA DAN LOS PASAR KOMODITI HASIL KEHUTANAN DAN PERBURUAN;G
47819;PERDAGANGAN ECERAN KAKI LIMA DAN LOS PASAR KOMODITI TANAMAN HIAS DAN HASIL PERTANIAN LAINNYA;G
47821;PERDAGANGAN ECERAN KAKI LIMA DAN LOS PASAR BERAS;G
47822;PERDAGANGAN ECERAN KAKI LIMA DAN LOS PASAR ROTI, KUE KERING, KUE BASAH DAN SEJENISNYA;G
47823;PERDAGANGAN ECERAN KAKI LIMA DAN LOS PASAR KOPI, GULA PASIR, GULA MERAH DAN SEJENISNYA;G
47824;PERDAGANGAN ECERAN KAKI LIMA DAN LOS PASAR TAHU, TEMPE, TAUCO DAN ONCOM;G
47825;PERDAGANGAN ECERAN KAKI LIMA DAN LOS PASAR DAGING OLAHAN DAN BIOTA AIR OLAHAN;G
47826;PERDAGANGAN ECERAN KAKI LIMA DAN LOS PASAR MINUMAN;G
47827;PERDAGANGAN ECERAN KAKI LIMA DAN LOS PASAR ROKOK DAN TEMBAKAU;G
47828;PERDAGANGAN ECERAN KAKI LIMA DAN LOS PASAR PAKAN TERNAK, PAKAN UNGGAS DAN PAKAN IKAN;G
47829;PERDAGANGAN ECERAN KAKI LIMA DAN LOS PASAR KOMODITI MAKANAN DAN MINUMAN YTDL;G
47831;PERDAGANGAN ECERAN KAKI LIMA DAN LOS PASAR TEKSTIL;G
47832;PERDAGANGAN ECERAN KAKI LIMA DAN LOS PASAR PAKAIAN;G
47833;PERDAGANGAN ECERAN KAKI LIMA DAN LOS PASAR SEPATU, SANDAL DAN ALAS KAKI LAINNYA;G
47834;PERDAGANGAN ECERAN KAKI LIMA DAN LOS PASAR PELENGKAP PAKAIAN DAN BENANG;G
47841;PERDAGANGAN ECERAN KAKI LIMA DAN LOS PASAR BAHAN KIMIA;G
47842;PERDAGANGAN ECERAN KAKI LIMA DAN LOS PASAR FARMASI;G
47843;PERDAGANGAN ECERAN KAKI LIMA DAN LOS PASAR OBAT TRADISIONAL;G
47844;PERDAGANGAN ECERAN KAKI LIMA DAN LOS PASAR KOSMETIK;G
47845;PERDAGANGAN ECERAN KAKI LIMA DAN LOS PASAR PUPUK DAN PEMBERANTAS HAMA;G
47846;PERDAGANGAN ECERAN KAKI LIMA DAN LOS PASAR AROMATIK/PENYEGAR (MINYAK ATSIRI);G
47849;PERDAGANGAN ECERAN KAKI LIMA DAN LOS PASAR BAHAN KIMIA, FARMASI, KOSMETIK DAN ALAT LABORATORIUM DAN YBDI YTDL;G
47851;PERDAGANGAN ECERAN KAKI LIMA DAN LOS PASAR KACA MATA;G
47852;PERDAGANGAN ECERAN KAKI LIMA DAN LOS PASAR BARANG PERHIASAN;G
47853;PERDAGANGAN ECERAN KAKI LIMA DAN LOS PASAR JAM;G
47854;PERDAGANGAN ECERAN KAKI LIMA DAN LOS PASAR TAS, DOMPET, KOPER, RANSEL DAN SEJENISNYA;G
47855;PERDAGANGAN ECERAN KAKI LIMA DAN LOS PASAR PERLENGKAPAN PENGENDARA SEPEDA MOTOR;G
47859;PERDAGANGAN ECERAN KAKI LIMA DAN LOS PASAR BARANG KEPERLUAN PRIBADI LAINNYA;G
47861;PERDAGANGAN ECERAN KAKI LIMA DAN LOS PASAR BARANG ELEKTRONIK;G
47862;PERDAGANGAN ECERAN KAKI LIMA DAN LOS PASAR ALAT DAN PERLENGKAPAN LISTRIK;G
47863;PERDAGANGAN ECERAN KAKI LIMA DAN LOS PASAR BARANG PECAH BELAH DAN PERLENGKAPAN DAPUR DARI PLASTIK/MELAMIN;G
47864;PERDAGANGAN ECERAN KAKI LIMA DAN LOS PASAR BARANG PECAH BELAH DAN PERLENGKAPAN DAPUR DARI BATU ATAU TANAH LIAT;G
47865;PERDAGANGAN ECERAN KAKI LIMA DAN LOS PASAR BARANG DAN PERLENGKAPAN DAPUR DARI KAYU, BAMBU ATAU ROTAN;G
47866;PERDAGANGAN ECERAN KAKI LIMA DAN LOS PASAR BARANG PECAH BELAH DAN PERLENGKAPAN DAPUR BUKAN DARI PLASTIK, BATU, TANAH LIAT, KAYU, BAMBU ATAU ROTAN;G
47867;PERDAGANGAN ECERAN KAKI LIMA DAN LOS PASAR ALAT KEBERSIHAN;G
47869;PERDAGANGAN ECERAN KAKI LIMA DAN LOS PASAR PERLENGKAPAN RUMAH TANGGA LAINNYA;G
47871;PERDAGANGAN ECERAN KAKI LIMA DAN LOS PASAR KERTAS, KARTON DAN BARANG DARI KERTAS;G
47872;PERDAGANGAN ECERAN KAKI LIMA DAN LOS PASAR ALAT TULIS MENULIS DAN GAMBAR;G
47873;PERDAGANGAN ECERAN KAKI LIMA DAN LOS PASAR HASIL PENCETAKAN, PENERBITAN DAN PIRANTI LUNAK (SOFTWARE);G
47874;PERDAGANGAN ECERAN KAKI LIMA DAN LOS PASAR ALAT OLAHRAGA DAN ALAT MUSIK;G
47875;PERDAGANGAN ECERAN KAKI LIMA DAN LOS PASAR ALAT FOTOGRAFI, ALAT OPTIK DAN PERLENGKAPANNYA;G
47876;PERDAGANGAN ECERAN KAKI LIMA DAN LOS PASAR MESIN KANTOR;G
47877;PERDAGANGAN ECERAN KAKI LIMA DAN LOS PASAR PERALATAN TELEKOMUNIKASI;G
47879;PERDAGANGAN ECERAN KAKI LIMA DAN LOS PASAR CAMPURAN KERTAS, KARTON, BARANG DARI KERTAS, ALAT TULIS-MENULIS, ALAT GAMBAR, HASIL PENCETAKAN, PENERBITAN DAN LAINNYA;G
47881;PERDAGANGAN ECERAN KAKI LIMA DAN LOS PASAR BARANG KERAJINAN;G
47882;PERDAGANGAN ECERAN KAKI LIMA DAN LOS PASAR MAINAN ANAK-ANAK;G
47883;PERDAGANGAN ECERAN KAKI LIMA DAN LOS PASAR LUKISAN;G
47891;PERDAGANGAN ECERAN KAKI LIMA DAN LOS PASAR HEWAN HIDUP;G
47892;PERDAGANGAN ECERAN KAKI LIMA DAN LOS PASAR BAHAN BAKAR MINYAK, GAS, MINYAK PELUMAS DAN BAHAN BAKAR LAINNYA;G
47893;PERDAGANGAN ECERAN KAKI LIMA DAN LOS PASAR BARANG ANTIK;G
47894;PERDAGANGAN ECERAN KAKI LIMA DAN LOS PASAR BARANG BEKAS PERLENGKAPAN RUMAH TANGGA;G
47895;PERDAGANGAN ECERAN KAKI LIMA DAN LOS PASAR PAKAIAN, ALAS KAKI, PERLENGKAPAN PAKAIAN DAN BARANG PERLENGKAPAN PRIBADI BEKAS;G
47896;PERDAGANGAN ECERAN KAKI LIMA DAN LOS PASAR BARANG LISTRIK DAN ELEKTRONIK BEKAS;G
47897;PERDAGANGAN ECERAN KAKI LIMA DAN LOS PASAR BARANG BEKAS CAMPURAN;G
47899;PERDAGANGAN ECERAN KAKI LIMA DAN LOS PASAR BARANG LAINNYA;G
47911;PERDAGANGAN ECERAN MELALUI MEDIA UNTUK KOMODITI MAKANAN, MINUMAN, TEMBAKAU, KIMIA, FARMASI KOSMETIK DAN ALAT LABORATORIUM;G
47912;PERDAGANGAN ECERAN MELALUI MEDIA UNTUK KOMODITI TEKSTIL, PAKAIAN, ALAS KAKI DAN BARANG KEPERLUAN PRIBADI;G
47913;PERDAGANGAN ECERAN MELALUI MEDIA UNTUK BARANG PERLENGKAPAN RUMAH TANGGA DAN PERLENGKAPAN DAPUR;G
47914;PERDAGANGAN ECERAN MELALUI MEDIA UNTUK BARANG CAMPURAN SEBAGAIMANA TERSEBUT DALAM 47911 S.D.47913;G
47919;PERDAGANGAN ECERAN MELALUI MEDIA UNTUK BERBAGAI MACAM BARANG LAINNYA;G
47920;PERDAGANGAN ECERAN ATAS DASAR BALAS JASA (FEE) ATAU KONTRAK;G
47991;PERDAGANGAN ECERAN KELILING KOMODITI MAKANAN DARI HASIL PERTANIAN;G
47992;PERDAGANGAN ECERAN KELILING KOMODITI MAKANAN, MINUMAN ATAU TEMBAKAU HASIL INDUSTRI PENGOLAHAN;G
47993;PERDAGANGAN ECERAN KELILING BAHAN KIMIA, FARMASI, KOSMETIK DAN ALAT LABORATORIUM;G
47994;PERDAGANGAN ECERAN KELILING TEKSTIL, PAKAIAN, ALAS KAKI DAN BARANG KEPERLUAN PRIBADI;G
47995;PERDAGANGAN ECERAN KELILING PERLENGKAPAN RUMAH TANGGA DAN PERLENGKAPAN DAPUR;G
47996;PERDAGANGAN ECERAN KELILING BAHAN BAKAR DAN MINYAK PELUMAS;G
47997;PERDAGANGAN ECERAN KELILING KERTAS, BARANG DARI KERTAS, ALAT TULIS, BARANG CETAKAN, ALAT OLAHRAGA, ALAT MUSIK, ALAT FOTOGRAFI DAN KOMPUTER;G
47998;PERDAGANGAN ECERAN KELILING BARANG KERAJINAN, MAINAN ANAK-ANAK DAN LUKISAN;G
47999;PERDAGANGAN ECERAN KELILING BARANG LAINNYA;G
49111;ANGKUTAN JALAN REL UNTUK PENUMPANG;H
49112;ANGKUTAN JALAN REL KHUSUS WISATA;H
49121;ANGKUTAN JALAN REL UNTUK BARANG;H
49129;ANGKUTAN JALAN REL KHUSUS LAINNYA;H
49211;ANGKUTAN BUS ANTARKOTA ANTARPROVINSI (AKAP);H
49212;ANGKUTAN BUS PERBATASAN;H
49213;ANGKUTAN BUS ANTARKOTA DALAM PROVINSI (AKDP);H
49214;ANGKUTAN BUS KOTA;H
49215;ANGKUTAN BUS LINTAS BATAS NEGARA;H
49221;ANGKUTAN BUS KHUSUS;H
49222;ANGKUTAN BUS PARIWISATA;H
49300;ANGKUTAN MELALUI SALURAN PIPA;H
49411;ANGKUTAN PERBATASAN BUKAN BUS;H
49412;ANGKUTAN ANTARKOTA DALAM PROVINSI (AKDP) BUKAN BUS;H
49413;ANGKUTAN PERKOTAAN;H
49414;ANGKUTAN PERDESAAN;H
49421;ANGKUTAN TAKSI;H
49422;ANGKUTAN SEWA;H
49423;ANGKUTAN TIDAK BERMOTOR UNTUK PENUMPANG;H
49424;ANGKUTAN OJEK MOTOR;H
49425;ANGKUTAN DARAT LAINNYA UNTUK WISATA;H
49429;ANGKUTAN DARAT LAINNYA UNTUK PENUMPANG;H
49431;ANGKUTAN BERMOTOR UNTUK BARANG UMUM;H
49432;ANGKUTAN BERMOTOR UNTUK BARANG KHUSUS;H
49433;ANGKUTAN TIDAK BERMOTOR UNTUK BARANG UMUM;H
50111;ANGKUTAN LAUT DOMESTIK UMUM LINER UNTUK PENUMPANG;H
50112;ANGKUTAN LAUT DOMESTIK UMUM TRAMPER UNTUK PENUMPANG;H
50113;ANGKUTAN LAUT DOMESTIK KHUSUS UNTUK WISATA;H
50114;ANGKUTAN LAUT DOMESTIK PERINTIS UNTUK PENUMPANG;H
50121;ANGKUTAN LAUT INTERNASIONAL UMUM LINER UNTUK PENUMPANG;H
50122;ANGKUTAN LAUT INTERNASIONAL UMUM TRAMPER UNTUK PENUMPANG;H
50123;ANGKUTAN LAUT INTERNASIONAL KHUSUS UNTUK WISATA;H
50131;ANGKUTAN LAUT DOMESTIK UMUM LINER UNTUK BARANG;H
50132;ANGKUTAN LAUT DOMESTIK UMUM TRAMPER UNTUK BARANG;H
50133;ANGKUTAN LAUT DOMESTIK KHUSUS UNTUK BARANG;H
50134;ANGKUTAN LAUT DOMESTIK PERINTIS UNTUK BARANG;H
50135;ANGKUTAN LAUT DOMESTIK PELAYARAN RAKYAT;H
50141;ANGKUTAN LAUT INTERNASIONAL UMUM LINER UNTUK BARANG;H
50142;ANGKUTAN LAUT INTERNASIONAL UMUM TRAMPER UNTUK BARANG;H
50143;ANGKUTAN LAUT INTERNASIONAL KHUSUS UNTUK BARANG;H
50144;ANGKUTAN LAUT INTERNASIONAL PELAYARAN RAKYAT;H
50211;ANGKUTAN SUNGAI DAN DANAU UNTUK PENUMPANG DENGAN TRAYEK TETAP DAN TERATUR;H
50212;ANGKUTAN SUNGAI DAN DANAU UNTUK PENUMPANG DENGAN TRAYEK TIDAK TETAP DAN TIDAK;H
50213;ANGKUTAN SUNGAI DAN DANAU DENGAN TRAYEK TIDAK TETAP DAN TIDAK TERATUR UNTUK;H
50214;ANGKUTAN PENYEBERANGAN UMUM ANTARPROVINSI UNTUK PENUMPANG;H
50215;ANGKUTAN PENYEBERANGAN PERINTIS ANTARPROVINSI UNTUK PENUMPANG;H
50216;ANGKUTAN PENYEBERANGAN UMUM ANTARKABUPATEN/KOTA UNTUK PENUMPANG;H
50217;ANGKUTAN PENYEBERANGAN PERINTIS ANTARKABUPATEN/KOTA UNTUK PENUMPANG;H
50218;ANGKUTAN PENYEBERANGAN UMUM DALAM KABUPATEN/KOTA UNTUK PENUMPANG;H
50219;ANGKUTAN PENYEBERANGAN LAINNYA UNTUK PENUMPANG TERMASUK PENYEBERANGAN;H
50221;ANGKUTAN SUNGAI DAN DANAU UNTUK BARANG UMUM DAN ATAU HEWAN;H
50222;ANGKUTAN SUNGAI DAN DANAU UNTUK BARANG KHUSUS;H
50223;ANGKUTAN SUNGAI DAN DANAU UNTUK BARANG BERBAHAYA;H
50224;ANGKUTAN PENYEBERANGAN UMUM ANTARPROVINSI UNTUK BARANG;H
50225;ANGKUTAN PENYEBERANGAN PERINTIS ANTARPROVINSI UNTUK BARANG;H
50226;ANGKUTAN PENYEBERANGAN UMUM ANTARKABUPATEN/KOTA UNTUK BARANG;H
50227;ANGKUTAN PENYEBERANGAN PERINTIS ANTARKABUPATEN/KOTA UNTUK BARANG;H
50228;ANGKUTAN PENYEBERANGAN UMUM DALAM KABUPATEN/KOTA UNTUK BARANG;H
50229;ANGKUTAN PENYEBERANGAN LAINNYA UNTUK BARANG TERMASUK PENYEBERANGAN;H
51101;ANGKUTAN UDARA BERJADWAL DOMESTIK UMUM UNTUK PENUMPANG;H
51102;ANGKUTAN UDARA BERJADWAL DOMESTIK PERINTIS UNTUK PENUMPANG;H
51103;ANGKUTAN UDARA BERJADWAL INTERNASIONAL UNTUK PENUMPANG;H
51104;ANGKUTAN UDARA TIDAK BERJADWAL DOMESTIK UMUM UNTUK PENUMPANG;H
51105;ANGKUTAN UDARA TIDAK BERJADWAL DOMESTIK PERINTIS UNTUK PENUMPANG;H
51106;ANGKUTAN UDARA KHUSUS OLAHRAGA;H
51107;ANGKUTAN UDARA KHUSUS UNTUK WISATA;H
51109;ANGKUTAN UDARA KHUSUS LAINNYA;H
51201;ANGKUTAN UDARA BERJADWAL DOMESTIK UMUM UNTUK BARANG;H
51202;ANGKUTAN UDARA BERJADWAL DOMESTIK PERINTIS UNTUK BARANG;H
51203;ANGKUTAN UDARA BERJADWAL INTERNASIONAL UNTUK BARANG;H
51204;ANGKUTAN UDARA TIDAK BERJADWAL DOMESTIK UMUM UNTUK BARANG;H
51205;ANGKUTAN UDARA TIDAK BERJADWAL DOMESTIK PERINTIS UNTUK BARANG;H
52101;PERGUDANGAN;H
52102;JASA COLD STORAGE;H
52103;JASA BOUNDED WAREHOUSING ATAU WILAYAH KAWASAN BERIKAT;H
52109;JASA PERGUDANGAN LAINNYA;H
52211;JASA TERMINAL DARAT;H
52212;JASA STASIUN KERETA API;H
52213;JASA JALAN TOL;H
52214;JASA PERPARKIRAN DI BADAN JALAN (ON STREET PARKING);H
52215;JASA PERPARKIRAN DI LUAR BADAN JALAN (OFF SREET PARKING);H
52219;JASA PENUNJANG ANGKUTAN DARAT LAINNYA;H
52221;JASA PELAYANAN KEPELABUHANAN LAUT;H
52222;JASA PELAYANAN KEPELABUHANAN SUNGAI DAN DANAU;H
52223;JASA PELAYANAN KEPELABUHANAN PENYEBERANGAN;H
52229;JASA PENUNJANG ANGKUTAN AIR LAINNYA;H
52230;JASA KEBANDARUDARAAN;H
52240;PENANGANAN KARGO (BONGKAR MUAT BARANG);H
52291;JASA PENGURUSAN TRANSPORTASI (JPT);H
52292;JASA EKSPEDISI MUATAN KERETA API DAN EKSPEDISI ANGKUTAN DARAT (EMKA & EAD);H
52293;JASA EKSPEDISI MUATAN KAPAL (EMKL);H
52294;JASA EKSPEDISI MUATAN PESAWAT UDARA (EMPU);H
52299;JASA PENUNJANG ANGKUTAN LAINNYA YTDL;H
53101;POS NASIONAL;H
53102;UNIT PELAYANAN POS;H
53200;KURIR;H
55111;HOTEL BINTANG LIMA;I
55112;HOTEL BINTANG EMPAT;I
55113;HOTEL BINTANG TIGA;I
55114;HOTEL BINTANG DUA;I
55115;HOTEL BINTANG SATU;I
55120;HOTEL MELATI;I
55130;PONDOK WISATA (HOME STAY);I
55191;PENGINAPAN REMAJA (YOUTH HOSTEL);I
55192;BUMI PERKEMAHAN;I
55193;PERSINGGAHAN KARAVAN;I
55194;VILA;I
55195;APARTEMEN HOTEL;I
55199;PENYEDIAAN AKOMODASI JANGKA PENDEK LAINNYA;I
55900;PENYEDIAAN AKOMODASI LAINNYA;I
56101;RESTORAN;I
56102;WARUNG MAKAN;I
56103;KEDAI MAKANAN;I
56104;PENYEDIAAN MAKANAN KELILING/TEMPAT TIDAK TETAP;I
56210;JASA BOGA UNTUK SUATU EVENT TERTENTU (EVENT CATERING);I
56290;PENYEDIAAN MAKANAN LAINNYA;I
56301;BAR;I
56302;KELAB MALAM ATAU DISKOTIK YANG UTAMANYA MENYEDIAKAN MINUMAN;I
56303;RUMAH MINUM/KAFE;I
56304;KEDAI MINUMAN;I
56305;RUMAH/KEDAI OBAT TRADISIONAL;I
56306;PENYEDIAAN MINUMAN KELILING/TEMPAT TIDAK TETAP;I
58110;PENERBITAN BUKU;J
58120;PENERBITAN BUKU DIREKTORI DAN MAILING LIST;J
58130;PENERBITAN SURAT KABAR, JURNAL, BULETIN DAN MAJALAH;J
58190;PENERBITAN LAINNYA;J
58200;PENERBITAN PIRANTI LUNAK (SOFTWARE);J
59111;PRODUKSI FILM, VIDEO DAN PROGRAM TELEVISI OLEH PEMERINTAH;J
59112;PRODUKSI FILM, VIDEO DAN PROGRAM TELEVISI OLEH SWASTA;J
59121;PASCA PRODUKSI FILM, VIDEO DAN PROGRAM TELEVISI OLEH PEMERINTAH;J
59122;PASCA PRODUKSI FILM, VIDEO DAN PROGRAM TELEVISI OLEH SWASTA;J
59131;DISTRIBUSI FILM, VIDEO DAN PROGRAM TELEVISI OLEH PEMERINTAH;J
59132;DISTRIBUSI FILM, VIDEO DAN PROGRAM TELEVISI OLEH SWASTA;J
59140;KEGIATAN PEMUTARAN FILM;J
59201;PEREKAMAN SUARA;J
59202;PENERBITAN MUSIK DAN BUKU MUSIK;J
60101;PENYIARAN RADIO OLEH PEMERINTAH;J
60102;PENYIARAN RADIO OLEH SWASTA;J
60201;PENYIARAN DAN PEMROGRAMAN TELEVISI OLEH PEMERINTAH;J
60202;PENYIARAN DAN PEMROGRAMAN TELEVISI OLEH SWASTA;J
61100;TELEKOMUNIKASI DENGAN KABEL;J
61200;TELEKOMUNIKASI TANPA KABEL;J
61300;TELEKOMUNIKASI SATELIT;J
61911;JASA PANGGILAN PREMIUM (PREMIUM CALL);J
61912;JASA RADIO PANGGIL UNTUK UMUM (RPUU);J
61913;JASA RADIO TRUNKING;J
61914;WARUNG TELEKOMUNIKASI (WARTEL);J
61919;JASA NILAI TAMBAH TELEPONI LAINNYA;J
61921;INTERNET SERVICE PROVIDER;J
61922;JASA SISTEM KOMUNIKASI;J
61923;JASA VOICE OVER INTERNET PROTOCOL (VOIP);J
61924;WARUNG INTERNET (WARNET);J
61929;JASA MULTIMEDIA LAINNYA;J
61991;TELEKOMUNIKASI KHUSUS UNTUK PENYIARAN;J
61999;TELEKOMUNIKASI LAINNYA YTDL;J
62010;KEGIATAN PEMROGRAMAN KOMPUTER;J
62020;KEGIATAN KONSULTASI KOMPUTER DAN MANAJEMEN FASILITAS KOMPUTER;J
62090;KEGIATAN TEKNOLOGI INFORMASI DAN JASA KOMPUTER LAINNYA;J
63111;KEGIATAN PENGOLAHAN DATA;J
63112;KEGIATAN PENYIMPANAN DATA DI SERVER (HOSTING) DAN KEGIATAN YBDI;J
63120;PORTAL WEB;J
63911;KEGIATAN KANTOR BERITA OLEH PEMERINTAH;J
63912;KEGIATAN KANTOR BERITA OLEH SWASTA;J
63990;KEGIATAN JASA INFORMASI LAINNYA YTDL;J
64110;BANK SENTRAL;K
64121;BANK PEMERINTAH/BUMN/PERSERO;K
64122;BANK PEMERINTAH DAERAH (BPD) DEVISA;K
64123;BANK PEMERINTAH DAERAH (BPD) NON DEVISA;K
64124;BANK CAMPURAN DAN ASING;K
64125;BANK UMUM SWASTA NASIONAL DEVISA;K
64126;BANK UMUM SWASTA NASIONAL NON DEVISA;K
64127;BANK PERKREDITAN RAKYAT (BPR);K
64131;BANK UMUM SYARIAH;K
64132;BANK PEMBIAYAAN RAKYAT (BPR) SYARIAH;K
64133;UNIT USAHA SYARIAH;K
64140;KOPERASI SIMPAN PINJAM/UNIT SIMPAN PINJAM;K
64150;BAITUL MAAL WANTANWIL (BMT);K
64190;JASA PERANTARA MONETER LAINNYA;K
64200;KEGIATAN PERUSAHAAN HOLDING;K
64300;TRUST, PEMBIAYAAN DAN ENTITAS KEUANGAN SEJENIS;K
64910;SEWA GUNA USAHA DENGAN HAK OPSI;K
64921;PEGADAIAN;K
64922;PEMBIAYAAN KONSUMEN (CONSUMERS CREDIT);K
64923;PEMBIAYAAN KARTU KREDIT (CREDIT CARD);K
64929;PEMBIAYAAN NON LEASING LAINNYA;K
64991;MODAL VENTURA (VENTURA CAPITAL);K
64992;PEMBIAYAAN ANJAK PIUTANG (FACTORING);K
64993;LEMBAGA PENJAMINAN;K
64999;JASA KEUANGAN LAINNYA YTDL, BUKAN ASURANSI DAN DANA PENSIUN;K
65111;ASURANSI JIWA KONVENSIONAL;K
65112;ASURANSI JIWA SYARIAH;K
65121;ASURANSI NON JIWA KONVENSIONAL;K
65122;ASURANSI NON JIWA SYARIAH;K
65201;REASURANSI KONVENSIONAL;K
65202;REASURANSI SYARIAH;K
65300;DANA PENSIUN;K
66110;ADMINISTRASI PASAR UANG (BURSA EFEK);K
66121;PENJAMIN EMISI EFEK (UNDERWRITER);K
66122;PERANTARA PEDAGANG EFEK (BROKER DEALER);K
66123;MANAGER INVESTASI;K
66191;LEMBAGA KLIRING DAN PENJAMINAN;K
66192;LEMBAGA PENYIMPANAN DAN PENYELESAIAN;K
66193;BIRO ADMINISTRASI EFEK;K
66194;KUSTODIAN (CUSTODIAN);K
66195;WALI AMANAT (TRUSTEE);K
66196;LEMBAGA PEMERINGKAT EFEK;K
66197;JASA PENUKARAN MATA UANG (MONEY CHANGER);K
66199;JASA PENUNJANG JASA KEUANGAN LAINNYA YTDL;K
66210;JASA PENILAI RISIKO DAN KERUSAKAN;K
66221;JASA AGEN ASURANSI;K
66222;JASA BROKER ASURANSI;K
66223;JASA BROKER REASURANSI;K
66291;AKTUARIA;K
66292;JASA PENUNJANG ASURANSI DAN DANA PENSIUN LAINNYA;K
66300;JASA MANAJEMEN DANA;K
68110;REAL ESTAT YANG DIMILIKI SENDIRI ATAU DISEWA;L
68120;KAWASAN PARIWISATA;L
68200;REAL ESTAT ATAS DASAR BALAS JASA (FEE) ATAU KONTRAK;L
69100;JASA HUKUM;M
69200;"JASA AKUNTANSI, PEMBUKUAN DAN PEMERIKSA; KONSULTASI PAJAK";M
70100;KEGIATAN KANTOR PUSAT;M
70201;JASA KONSULTAN PARIWISATA;M
70202;JASA KONSULTAN TRANSPORTASI;M
70209;KEGIATAN KONSULTASI MANAJEMEN LAINNYA;M
71100;JASA ARSITEKUR DAN TEKNIK SIPIL SERTA KONSULTASI TEKNIS YBDI;M
71201;JASA SERTIFIKASI;M
71202;JASA PENGUJIAN LABORATORIUM;M
71203;JASA INSPEKSI;M
71204;JASA INSPEKSI TEKNIK INSTALASI;M
71205;JASA KALIBRASI/METROLOGI;M
71209;JASA ANALISIS DAN UJI TEKNIS LAINNYA;M
72101;PENELITIAN DAN PENGEMBANGAN ILMU PENGETAHUAN ALAM;M
72102;PENELITIAN DAN PENGEMBANGAN ILMU TEKNOLOGI DAN REKAYASA;M
72201;PENELITIAN DAN PENGEMBANGAN ILMU PENGETAHUAN SOSIAL;M
72202;PENELITIAN DAN PENGEMBANGAN HUMANIORA;M
73100;PERIKLANAN;M
73200;PENELITIAN PASAR DAN JAJAK PENDAPAT MASYARAKAT;M
74100;JASA PERANCANGAN KHUSUS;M
74201;JASA FOTOGRAFI;M
74202;JASA ANGKUTAN UDARA KHUSUS PEMOTRETAN, SURVEI DAN PEMETAAN;M
74901;JASA PENYELIDIKAN DAN KEAMANAN;M
74902;JASA KONSULTASI BISNIS DAN BROKER BISNIS;M
74909;JASA PROFESIONAL, ILMIAH DAN TEKNIS LAINNYA YTDL;M
75000;JASA KESEHATAN HEWAN;M
77100;JASA PERSEWAAN DAN SEWA GUNA USAHA TANPA HAK OPSI MOBIL, BUS, TRUK DAN SEJENISNYA;N
77210;JASA PERSEWAAN DAN SEWA GUNA USAHA TANPA HAK OPSI ALAT REKREASI DAN OLAHRAGA;N
77220;JASA PERSEWAAN KASET VIDEO, CD, VCD/DVD DAN SEJENISNYA;N
77291;JASA PERSEWAAN DAN SEWA GUNA USAHA TANPA HAK OPSI ALAT PESTA;N
77292;JASA PERSEWAAN DAN SEWA GUNA USAHA TANPA HAK OPSI BARANG KEPERLUAN RUMAH TANGGA DAN PRIBADI;N
77293;JASA PERSEWAAN DAN SEWA GUNA USAHA TANPA HAK OPSI BARANG HASIL PENCETAKAN DAN PENERBITAN;N
77294;JASA PERSEWAAN DAN SEWA GUNA USAHA TANPA HAK OPSI BUNGA DAN TANAMAN HIAS;N
77295;JASA PERSEWAAN DAN SEWA GUNA USAHA TANPA HAK OPSI ALAT MUSIK;N
77299;JASA PERSEWAAN DAN SEWA GUNA USAHA TANPA HAK OPSI BARANG KEPERLUAN RUMAH TANGGA DAN PRIBADI LAINNYA YTDL;N
77301;JASA PERSEWAAN DAN SEWA GUNA USAHA TANPA HAK OPSI MESIN DAN PERALATAN INDUSTRI;N
77302;JASA PERSEWAAN DAN SEWA GUNA USAHA TANPA HAK OPSI ALAT TRANSPORTASI DARAT BUKAN KENDARAAN BERMOTOR RODA EMPAT ATAU LEBIH;N
77303;JASA PERSEWAAN DAN SEWA GUNA USAHA TANPA HAK OPSI ALAT TRANSPORTASI AIR;N
77304;JASA PERSEWAAN DAN SEWA GUNA USAHA TANPA HAK OPSI ALAT TRANSPORTASI UDARA;N
77305;JASA PERSEWAAN DAN SEWA GUNA USAHA TANPA HAK OPSI MESIN PERTANIAN DAN PERALATANNYA;N
77306;JASA PERSEWAAN DAN SEWA GUNA USAHA TANPA HAK OPSI MESIN DAN PERALATAN KONSTRUKSI DAN TEKNIK SIPIL;N
77307;JASA PERSEWAAN DAN SEWA GUNA USAHA TANPA HAK OPSI MESIN KANTOR DAN PERALATANNYA;N
77309;JASA PERSEWAAN DAN SEWA GUNA USAHA TANPA HAK OPSI MESIN, PERALATAN DAN BARANG BERWUJUD LAINNYA YTDL;N
77400;SEWA GUNA USAHA TANPA HAK OPSI ASET NON FINANSIAL, BUKAN KARYA HAK CIPTA;N
78101;JASA PENYELEKSIAN DAN PENEMPATAN TENAGA KERJA DALAM NEGERI;N
78102;JASA PENYELEKSIAN DAN PENEMPATAN TENAGA KERJA LUAR NEGERI;N
78103;JASA PENYALURAN TENAGA KERJA;N
78200;JASA PENYEDIAAN TENAGA KERJA WAKTU TERTENTU;N
78300;JASA PENYEDIAAN SUMBER DAYA MANUSIA DAN MANAJEMEN FUNGSI SUMBER DAYA MANUSIA;N
79111;JASA AGEN PERJALANAN WISATA;N
79112;JASA AGEN PERJALANAN BUKAN WISATA;N
79120;JASA BIRO PERJALANAN WISATA;N
79910;JASA INFORMASI PARIWISATA;N
79920;JASA PRAMUWISATA;N
79990;JASA RESERVASI LAINNYA YBDI YTDL;N
80100;JASA KEAMANAN SWASTA;N
80200;JASA SISTEM KEAMANAN;N
80300;JASA PENYELIDIKAN;N
81100;PENYEDIA GABUNGAN JASA PENUNJANG FASILITAS;N
81210;JASA KEBERSIHAN UMUM BANGUNAN;N
81290;JASA KEBERSIHAN BANGUNAN DAN INDUSTRI LAINNYA;N
81300;JASA PERAWATAN DAN PEMELIHARAAN TAMAN;N
82110;PENYEDIA GABUNGAN JASA ADMINISTRASI KANTOR;N
82190;JASA FOTO KOPI, PENYIAPAN DOKUMEN DAN JASA KHUSUS PENUNJANG KANTOR LAINNYA;N
82200;JASA CALL CENTRE;N
82301;JASA PENYELENGGARA PERTEMUAN, PERJALANAN INSENTIF, KONFERENSI DAN PAMERAN;N
82302;JASA EVENT ORGANIZER;N
82910;JASA DEBT COLLECTION DAN BIRO KREDIT;N
82920;JASA PENGEPAKAN;N
82990;JASA PENUNJANG USAHA LAINNYA YTDL;N
84111;BENDAHARA PEMERINTAH PUSAT;O
84112;BENDAHARA PEMERINTAH DAERAH;O
84113;BENDAHARA LAINNYA YTDL;O
84200;JAMINAN SOSIAL WAJIB;O
85111;JASA PENDIDIKAN SEKOLAH DASAR/MADRASAH IBTIDAIYAH PEMERINTAH;P
85112;JASA PENDIDIKAN SEKOLAH MENENGAH PERTAMA/MADRASAH TSANAWIYAH PEMERINTAH;P
85121;JASA PENDIDIKAN SEKOLAH DASAR/MADRASAH IBTIDAIYAH SWASTA;P
85122;JASA PENDIDIKAN SEKOLAH MENENGAH PERTAMA/MADRASAH TSANAWIYAH SWASTA;P
85210;JASA PENDIDIKAN MENENGAH UMUM/MADRASAH ALIYAH PEMERINTAH;P
85220;JASA PENDIDIKAN MENENGAH UMUM/MADRASAH ALIYAH SWASTA;P
85230;JASA PENDIDIKAN MENENGAH KEJURUAN DAN TEKNIK/MADRASAH ALIYAH KEJURUAN PEMERINTAH;P
85240;JASA PENDIDIKAN MENENGAH KEJURUAN DAN TEKNIK/MADRASAH ALIYAH KEJURUAN SWASTA;P
85311;JASA PENDIDIKAN TINGGI PROGRAM GELAR PEMERINTAH;P
85312;JASA PENDIDIKAN TINGGI PROGRAM NON GELAR PEMERINTAH;P
85321;JASA PENDIDIKAN TINGGI PROGRAM GELAR SWASTA;P
85322;JASA PENDIDIKAN TINGGI PROGRAM NON GELAR SWASTA;P
85410;JASA PENDIDIKAN OLAHRAGA DAN REKREASI;P
85420;JASA PENDIDIKAN KEBUDAYAAN;P
85430;JASA PENDIDIKAN LAINNYA PEMERINTAH;P
85491;JASA PENDIDIKAN MANAJEMEN DAN PERBANKAN;P
85492;JASA PENDIDIKAN KOMPUTER (TEKNOLOGI INFORMASI DAN KOMUNIKASI) SWASTA;P
85493;JASA PENDIDIKAN BAHASA SWASTA;P
85494;JASA PENDIDIKAN KESEHATAN SWASTA;P
85495;JASA PENDIDIKAN BIMBINGAN BELAJAR DAN KONSELING SWASTA;P
85496;JASA PENDIDIKAN AWAK PESAWAT DAN JASA ANGKUTAN UDARA KHUSUS PENDIDIKAN AWAK PESAWAT;P
85497;JASA PENDIDIKAN TEKNIK SWASTA;P
85498;JASA PENDIDIKAN KERAJINAN DAN INDUSTRI;P
85499;JASA PENDIDIKAN LAINNYA SWASTA;P
85500;JASA PENUNJANG PENDIDIKAN;P
85601;JASA PENDIDIKAN TAMAN KANAK-KANAK PEMERINTAH;P
85602;JASA PENDIDIKAN TAMAN KANAK-KANAK SWASTA/RAUDATUL ATHFAL/BUSTANUL ATHFAL;P
85603;JASA PENDIDIKAN KELOMPOK BERMAIN SWASTA;P
85604;JASA PENDIDIKAN TAMAN PENITIPAN ANAK;P
86101;JASA RUMAH SAKIT PEMERINTAH;Q
86102;JASA PUSKESMAS;Q
86103;JASA RUMAH SAKIT SWASTA;Q
86104;JASA POLIKLINIK SWASTA;Q
86109;JASA RUMAH SAKIT LAINNYA;Q
86201;PRAKTIK DOKTER UMUM;Q
86202;PRAKTIK DOKTER SPESIALIS;Q
86203;PRAKTIK DOKTER GIGI;Q
86901;JASA PELAYANAN KESEHATAN YANG DILAKUKAN OLEH PARAMEDIS;Q
86902;JASA PELAYANAN KESEHATAN TRADISIONAL;Q
86903;JASA PELAYANAN PENUNJANG KESEHATAN;Q
86904;JASA ANGKUTAN KHUSUS PENGANGKUTAN ORANG SAKIT (MEDICAL EVACUATION);Q
87100;JASA KEGIATAN SOSIAL DI DALAM PANTI UNTUK PERAWATAN DAN PEMULIHAN KESEHATAN;Q
87200;JASA KEGIATAN SOSIAL DI DALAM PANTI UNTUK KETERBELAKANGAN MENTAL, GANGGUAN MENTAL DAN PENYALAHGUNAAN OBAT TERLARANG;Q
87301;PANTI WREDA PEMERINTAH;Q
87302;PANTI WREDA SWASTA;Q
87309;JASA KEGIATAN SOSIAL DI DALAM PANTI UNTUK JOMPO DAN CACAT LAINNYA;Q
87901;PANTI ASUHAN PEMERINTAH;Q
87902;PANTI ASUHAN SWASTA;Q
87909;JASA KEGIATAN SOSIAL DI DALAM PANTI LAINNYA YTDL;Q
88101;JASA KEGIATAN SOSIAL PEMERINTAH DI LUAR PANTI UNTUK JOMPO DAN CACAT;Q
88102;JASA KEGIATAN SOSIAL SWASTA DI LUAR PANTI UNTUK JOMPO DAN CACAT;Q
88901;JASA KEGIATAN SOSIAL PEMERINTAH DI LUAR PANTI LAINNYA;Q
88902;JASA KEGIATAN SOSIAL SWASTA DI LUAR PANTI LAINNYA;Q
90001;KEGIATAN SENI PERTUNJUKAN;R
90002;KEGIATAN PEKERJA SENI;R
90003;JASA PENUNJANG HIBURAN;R
90004;JASA IMPRESARIAT BIDANG SENI;R
90005;JURNALIS BERITA INDEPENDEN;R
90009;KEGIATAN HIBURAN, SENI DAN KREATIVITAS LAINNYA;R
91011;PERPUSTAKAAN DAN ARSIP PEMERINTAH;R
91012;PERPUSTAKAAN SWASTA;R
91021;MUSEUM YANG DIKELOLA PEMERINTAH;R
91022;MUSEUM YANG DIKELOLA SWASTA;R
91023;PENINGGALAN SEJARAH YANG DIKELOLA PEMERINTAH;R
91024;PENINGGALAN SEJARAH YANG DIKELOLA SWASTA;R
91025;TAMAN BUDAYA;R
91029;WISATA BUDAYA LAINNYA;R
91031;KEGIATAN TAMAN KONSERVASI ALAM;R
91032;TAMAN NASIONAL (TN);R
91033;TAMAN HUTAN RAYA (TAHURA);R
91034;TAMAN WISATA ALAM (TWA);R
91035;HUTAN LINDUNG (HL), SUAKA MARGASATWA (SM), DAN CAGAR ALAM (CA);R
91036;TAMAN LAUT;R
91037;TAMAN BURU DAN KEBUN BURU;R
91039;KEGIATAN TAMAN KONSERVASI ALAM LAINNYA;R
92000;KEGIATAN PERJUDIAN DAN PERTARUHAN;R
93111;FASILITAS BILLIARD;R
93112;LAPANGAN GOLF;R
93113;GELANGGANG BOWLING;R
93114;GELANGGANG RENANG;R
93115;LAPANGAN SEPAK BOLA;R
93116;LAPANGAN TENIS LAPANGAN;R
93117;KEGIATAN PUSAT KEBUGARAN/FITNESS CENTER;R
93118;SPORT CENTRE;R
93119;KEGIATAN FASILITAS OLAHRAGA LAINNYA;R
93121;KELAB SEPAK BOLA;R
93122;KELAB GOLF;R
93123;KELAB RENANG;R
93124;KELAB TENIS LAPANGAN;R
93125;KELAB TINJU;R
93126;KELAB BELA DIRI;R
93127;KELAB KEBUGARAN/FITNESS DAN BINARAGA;R
93128;KELAB BOWLING;R
93129;KELAB OLAHRAGA LAINNYA;R
93191;PROMOTOR KEGIATAN OLAHRAGA;R
93192;OLAHRAGAWAN, JURI DAN WASIT PROFESIONAL;R
93193;KEGIATAN PERBURUAN;R
93194;BADAN REGULASI DAN LIGA OLAHRAGA;R
93199;KEGIATAN LAINNYA YANG BERKAITAN DENGAN OLAHRAGA;R
93210;KEGIATAN TAMAN BERTEMA ATAU TAMAN HIBURAN;R
93221;PEMANDIAN ALAM;R
93222;WISATA GUA;R
93223;WISATA PETUALANGAN ALAM;R
93229;DAYA TARIK WISATA ALAM LAINNYA;R
93231;WISATA AGRO;R
93232;TAMAN REKREASI/TAMAN WISATA;R
93233;KOLAM PEMANCINGAN;R
93239;DAYA TARIK WISATA BUATAN/BINAAN MANUSIA LAINNYA;R
93241;ARUNG JERAM;R
93242;WISATA SELAM;R
93243;DERMAGA MARINA;R
93249;WISATA TIRTA LAINNYA;R
93291;KELAB MALAM DAN ATAU DISKOTIK;R
93292;KARAOKE;R
93293;USAHA ARENA PERMAINAN;R
93299;KEGIATAN HIBURAN DAN REKREASI LAINNYA YTDL;R
94110;KEGIATAN ORGANISASI BISNIS DAN PENGUSAHA;S
94121;KEGIATAN ORGANISASI ILMU PENGETAHUAN SOSIAL DAN MASYARAKAT;S
94122;KEGIATAN ORGANISASI ILMU PENGETAHUAN ALAM DAN TEKNOLOGI;S
94200;KEGIATAN ORGANISASI BURUH;S
94910;KEGIATAN ORGANISASI KEAGAMAAN;S
94920;KEGIATAN ORGANISASI POLITIK;S
94990;KEGIATAN ORGANISASI KEANGGOTAAN LAINNYA YTDL;S
95110;JASA REPARASI KOMPUTER DAN PERALATAN SEJENISNYA;S
95120;JASA REPARASI PERALATAN KOMUNIKASI;S
95210;JASA REPARASI ALAT-ALAT ELEKTRONIK KONSUMEN;S
95220;JASA REPARASI PERALATAN RUMAH TANGGA DAN PERALATAN RUMAH DAN KEBUN;S
95230;JASA REPARASI ALAS KAKI DAN BARANG DARI KULIT;S
95240;JASA REPARASI FURNITUR DAN PERLENGKAPAN RUMAH;S
95290;JASA REPARASI BARANG RUMAH TANGGA DAN PRIBADI LAINNYA;S
96111;JASA PANGKAS RAMBUT;S
96112;JASA SALON KECANTIKAN;S
96121;PANTI PIJAT;S
96122;SPA (SANTE PAR AQUA);S
96129;JASA KEBUGARAN LAINNYA;S
96200;JASA BINATU;S
96301;PEGAWAI NEGERI SIPIL;S
96302;ANGGOTA MILITER DAN KEPOLISIAN;S
96303;PEGAWAI BADAN USAHA MILIK NEGARA/BADAN USAHA MILIK DAERAH;S
96304;PEGAWAI SWASTA;S
96305;PENSIUNAN;S
96910;JASA PEMAKAMAN DAN KEGIATAN YBDI;S
96991;JASA VERMAK PAKAIAN;S
96999;JASA PERORANGAN LAINNYA YTDL;S
97000;JASA PERORANGAN YANG MELAYANI RUMAH TANGGA;T
98100;KEGIATAN YANG MENGHASILKAN BARANG OLEH RUMAH TANGGA YANG DIGUNAKAN SENDIRI UNTUK MEMENUHI KEBUTUHAN;T
98200;KEGIATAN YANG MENGHASILKAN JASA OLEH RUMAH TANGGA YANG DIGUNAKAN SENDIRI UNTUK MEMENUHI KEBUTUHAN;T
99000;KEGIATAN BADAN INTERNASIONAL DAN BADAN EKSTRA INTERNASIONAL LAINNYA KELOMPOK INI MENCAKUP KEGIATAN LEMBAGA/ BADAN/ INSTANSI DARI PERWAKILAN NEGARA ASING, BADAN INTERNASIONAL DAN REGIONALLAINNYA, BADAN KEUANGAN DAN MONETER INTERNASIONAL, BANK DUNIA, ORGANISASI BEA CUKAI DUNIA, ORGANISASI UNTUK KERJASAMA DAN PENGEMBANGAN EKONOMI, ORGANISASI NEGARA-NEGARA PENGEKSPOR MINYAK, PERH,IMPUNAN NEGARA-NEGARA EROPA, PERHIMPUNAN PERDAGANGAN BEBAS NEGARA-NEGARA EROPA DAN LAIN-LAIN, SEPERTI KEDUTAAN BESAR, KONSULAT, PERWAKILAN PBB DAN SUBORGANISASI, UNICEF, UNESCO, UNDP, WHO, ILO, ASEAN, IMF, OECD DAN OPEC.;U
